[18-Sep-2024 15:16:56 UTC] PHP Deprecated:  La función wp_update_https_detection_errors ha quedado <strong>obsoleta</strong> desde la versión 6.4.0 y no hay alternativas disponibles. in C:\xampp\htdocs\INSOR\wp-includes\functions.php on line 6085
[18-Sep-2024 15:16:59 UTC] Automatic updates starting...
[18-Sep-2024 15:17:00 UTC] Automatic updates complete.
[19-Sep-2024 12:26:01 UTC] Automatic updates starting...
[19-Sep-2024 12:26:01 UTC] Automatic updates complete.
[19-Sep-2024 14:49:34 UTC] PHP Notice:  La función WP_Scripts::localize ha sido llamada <strong>de forma incorrecta</strong>. El parámetro <code>$l10n</code> debe ser un array. Para pasar datos arbitrarios a los scripts, usa en su lugar la función <code>wp_add_inline_script()</code>. Por favor, visita <a href="https://developer.wordpress.org/advanced-administration/debug/debug-wordpress/">Depuración en WordPress</a> para más información. (Este mensaje se añadió en la versión 5.7.0.) in C:\xampp\htdocs\INSOR\wp-includes\functions.php on line 6085
[19-Sep-2024 14:49:34 UTC] PHP Notice:  La función WP_Scripts::localize ha sido llamada <strong>de forma incorrecta</strong>. El parámetro <code>$l10n</code> debe ser un array. Para pasar datos arbitrarios a los scripts, usa en su lugar la función <code>wp_add_inline_script()</code>. Por favor, visita <a href="https://developer.wordpress.org/advanced-administration/debug/debug-wordpress/">Depuración en WordPress</a> para más información. (Este mensaje se añadió en la versión 5.7.0.) in C:\xampp\htdocs\INSOR\wp-includes\functions.php on line 6085
[24-Sep-2024 17:00:34 UTC] PHP Deprecated:  File class-oembed.php is <strong>deprecated</strong> since version 5.3.0! Use wp-includes/class-wp-oembed.php instead. in C:\xampp\htdocs\INSOR\wp-includes\functions.php on line 6085
[24-Sep-2024 17:00:36 UTC] PHP Deprecated:  File class-oembed.php is <strong>deprecated</strong> since version 5.3.0! Use wp-includes/class-wp-oembed.php instead. in C:\xampp\htdocs\INSOR\wp-includes\functions.php on line 6085
[24-Sep-2024 17:00:37 UTC] PHP Notice:  La función WP_Scripts::localize ha sido llamada <strong>de forma incorrecta</strong>. El parámetro <code>$l10n</code> debe ser un array. Para pasar datos arbitrarios a los scripts, usa en su lugar la función <code>wp_add_inline_script()</code>. Por favor, visita <a href="https://developer.wordpress.org/advanced-administration/debug/debug-wordpress/">Depuración en WordPress</a> para más información. (Este mensaje se añadió en la versión 5.7.0.) in C:\xampp\htdocs\INSOR\wp-includes\functions.php on line 6085
[24-Sep-2024 17:00:37 UTC] PHP Notice:  La función WP_Scripts::localize ha sido llamada <strong>de forma incorrecta</strong>. El parámetro <code>$l10n</code> debe ser un array. Para pasar datos arbitrarios a los scripts, usa en su lugar la función <code>wp_add_inline_script()</code>. Por favor, visita <a href="https://developer.wordpress.org/advanced-administration/debug/debug-wordpress/">Depuración en WordPress</a> para más información. (Este mensaje se añadió en la versión 5.7.0.) in C:\xampp\htdocs\INSOR\wp-includes\functions.php on line 6085
[24-Sep-2024 17:00:54 UTC] PHP Deprecated:  File class-oembed.php is <strong>deprecated</strong> since version 5.3.0! Use wp-includes/class-wp-oembed.php instead. in C:\xampp\htdocs\INSOR\wp-includes\functions.php on line 6085
[24-Sep-2024 17:00:55 UTC] PHP Notice:  La función WP_Scripts::localize ha sido llamada <strong>de forma incorrecta</strong>. El parámetro <code>$l10n</code> debe ser un array. Para pasar datos arbitrarios a los scripts, usa en su lugar la función <code>wp_add_inline_script()</code>. Por favor, visita <a href="https://developer.wordpress.org/advanced-administration/debug/debug-wordpress/">Depuración en WordPress</a> para más información. (Este mensaje se añadió en la versión 5.7.0.) in C:\xampp\htdocs\INSOR\wp-includes\functions.php on line 6085
[24-Sep-2024 17:00:55 UTC] PHP Notice:  La función WP_Scripts::localize ha sido llamada <strong>de forma incorrecta</strong>. El parámetro <code>$l10n</code> debe ser un array. Para pasar datos arbitrarios a los scripts, usa en su lugar la función <code>wp_add_inline_script()</code>. Por favor, visita <a href="https://developer.wordpress.org/advanced-administration/debug/debug-wordpress/">Depuración en WordPress</a> para más información. (Este mensaje se añadió en la versión 5.7.0.) in C:\xampp\htdocs\INSOR\wp-includes\functions.php on line 6085
[24-Sep-2024 17:01:01 UTC] PHP Deprecated:  File class-oembed.php is <strong>deprecated</strong> since version 5.3.0! Use wp-includes/class-wp-oembed.php instead. in C:\xampp\htdocs\INSOR\wp-includes\functions.php on line 6085
[24-Sep-2024 17:01:02 UTC] PHP Notice:  La función WP_Scripts::localize ha sido llamada <strong>de forma incorrecta</strong>. El parámetro <code>$l10n</code> debe ser un array. Para pasar datos arbitrarios a los scripts, usa en su lugar la función <code>wp_add_inline_script()</code>. Por favor, visita <a href="https://developer.wordpress.org/advanced-administration/debug/debug-wordpress/">Depuración en WordPress</a> para más información. (Este mensaje se añadió en la versión 5.7.0.) in C:\xampp\htdocs\INSOR\wp-includes\functions.php on line 6085
[24-Sep-2024 17:01:02 UTC] PHP Notice:  La función WP_Scripts::localize ha sido llamada <strong>de forma incorrecta</strong>. El parámetro <code>$l10n</code> debe ser un array. Para pasar datos arbitrarios a los scripts, usa en su lugar la función <code>wp_add_inline_script()</code>. Por favor, visita <a href="https://developer.wordpress.org/advanced-administration/debug/debug-wordpress/">Depuración en WordPress</a> para más información. (Este mensaje se añadió en la versión 5.7.0.) in C:\xampp\htdocs\INSOR\wp-includes\functions.php on line 6085
[24-Sep-2024 17:01:09 UTC] PHP Notice:  La función WP_Scripts::localize ha sido llamada <strong>de forma incorrecta</strong>. El parámetro <code>$l10n</code> debe ser un array. Para pasar datos arbitrarios a los scripts, usa en su lugar la función <code>wp_add_inline_script()</code>. Por favor, visita <a href="https://developer.wordpress.org/advanced-administration/debug/debug-wordpress/">Depuración en WordPress</a> para más información. (Este mensaje se añadió en la versión 5.7.0.) in C:\xampp\htdocs\INSOR\wp-includes\functions.php on line 6085
[24-Sep-2024 17:01:09 UTC] PHP Notice:  La función WP_Scripts::localize ha sido llamada <strong>de forma incorrecta</strong>. El parámetro <code>$l10n</code> debe ser un array. Para pasar datos arbitrarios a los scripts, usa en su lugar la función <code>wp_add_inline_script()</code>. Por favor, visita <a href="https://developer.wordpress.org/advanced-administration/debug/debug-wordpress/">Depuración en WordPress</a> para más información. (Este mensaje se añadió en la versión 5.7.0.) in C:\xampp\htdocs\INSOR\wp-includes\functions.php on line 6085
[24-Sep-2024 17:01:19 UTC] PHP Notice:  La función WP_Scripts::localize ha sido llamada <strong>de forma incorrecta</strong>. El parámetro <code>$l10n</code> debe ser un array. Para pasar datos arbitrarios a los scripts, usa en su lugar la función <code>wp_add_inline_script()</code>. Por favor, visita <a href="https://developer.wordpress.org/advanced-administration/debug/debug-wordpress/">Depuración en WordPress</a> para más información. (Este mensaje se añadió en la versión 5.7.0.) in C:\xampp\htdocs\INSOR\wp-includes\functions.php on line 6085
[24-Sep-2024 17:01:19 UTC] PHP Notice:  La función WP_Scripts::localize ha sido llamada <strong>de forma incorrecta</strong>. El parámetro <code>$l10n</code> debe ser un array. Para pasar datos arbitrarios a los scripts, usa en su lugar la función <code>wp_add_inline_script()</code>. Por favor, visita <a href="https://developer.wordpress.org/advanced-administration/debug/debug-wordpress/">Depuración en WordPress</a> para más información. (Este mensaje se añadió en la versión 5.7.0.) in C:\xampp\htdocs\INSOR\wp-includes\functions.php on line 6085
[24-Sep-2024 17:01:27 UTC] PHP Deprecated:  ¡El archivo class-oembed.php ha quedado <strong>obsoleto</strong> desde la versión 5.3.0! Usa wp-includes/class-wp-oembed.php en su lugar. in C:\xampp\htdocs\INSOR\wp-includes\functions.php on line 6085
[24-Sep-2024 17:01:27 UTC] PHP Deprecated:  File class-oembed.php is <strong>deprecated</strong> since version 5.3.0! Use wp-includes/class-wp-oembed.php instead. in C:\xampp\htdocs\INSOR\wp-includes\functions.php on line 6085
[24-Sep-2024 17:01:31 UTC] PHP Deprecated:  File class-oembed.php is <strong>deprecated</strong> since version 5.3.0! Use wp-includes/class-wp-oembed.php instead. in C:\xampp\htdocs\INSOR\wp-includes\functions.php on line 6085
[24-Sep-2024 17:01:31 UTC] PHP Deprecated:  File class-oembed.php is <strong>deprecated</strong> since version 5.3.0! Use wp-includes/class-wp-oembed.php instead. in C:\xampp\htdocs\INSOR\wp-includes\functions.php on line 6085
[24-Sep-2024 17:01:33 UTC] PHP Deprecated:  File class-oembed.php is <strong>deprecated</strong> since version 5.3.0! Use wp-includes/class-wp-oembed.php instead. in C:\xampp\htdocs\INSOR\wp-includes\functions.php on line 6085
[24-Sep-2024 17:01:34 UTC] PHP Deprecated:  File class-oembed.php is <strong>deprecated</strong> since version 5.3.0! Use wp-includes/class-wp-oembed.php instead. in C:\xampp\htdocs\INSOR\wp-includes\functions.php on line 6085
[24-Sep-2024 17:01:41 UTC] PHP Deprecated:  File class-oembed.php is <strong>deprecated</strong> since version 5.3.0! Use wp-includes/class-wp-oembed.php instead. in C:\xampp\htdocs\INSOR\wp-includes\functions.php on line 6085
[24-Sep-2024 19:49:14 UTC] PHP Warning:  simplexml_load_string(): Entity: line 2: parser error : AttValue: &quot; or ' expected in C:\xampp\htdocs\INSOR\wp-content\plugins\ajax-search-lite\includes\classes\suggest\google_suggest.class.php on line 52
[24-Sep-2024 19:49:14 UTC] PHP Warning:  simplexml_load_string(): &lt;html lang=en&gt; in C:\xampp\htdocs\INSOR\wp-content\plugins\ajax-search-lite\includes\classes\suggest\google_suggest.class.php on line 52
[24-Sep-2024 19:49:14 UTC] PHP Warning:  simplexml_load_string():            ^ in C:\xampp\htdocs\INSOR\wp-content\plugins\ajax-search-lite\includes\classes\suggest\google_suggest.class.php on line 52
[24-Sep-2024 19:49:14 UTC] PHP Warning:  simplexml_load_string(): Entity: line 2: parser error : attributes construct error in C:\xampp\htdocs\INSOR\wp-content\plugins\ajax-search-lite\includes\classes\suggest\google_suggest.class.php on line 52
[24-Sep-2024 19:49:14 UTC] PHP Warning:  simplexml_load_string(): &lt;html lang=en&gt; in C:\xampp\htdocs\INSOR\wp-content\plugins\ajax-search-lite\includes\classes\suggest\google_suggest.class.php on line 52
[24-Sep-2024 19:49:14 UTC] PHP Warning:  simplexml_load_string():            ^ in C:\xampp\htdocs\INSOR\wp-content\plugins\ajax-search-lite\includes\classes\suggest\google_suggest.class.php on line 52
[24-Sep-2024 19:49:14 UTC] PHP Warning:  simplexml_load_string(): Entity: line 2: parser error : Couldn't find end of Start Tag html line 2 in C:\xampp\htdocs\INSOR\wp-content\plugins\ajax-search-lite\includes\classes\suggest\google_suggest.class.php on line 52
[24-Sep-2024 19:49:14 UTC] PHP Warning:  simplexml_load_string(): &lt;html lang=en&gt; in C:\xampp\htdocs\INSOR\wp-content\plugins\ajax-search-lite\includes\classes\suggest\google_suggest.class.php on line 52
[24-Sep-2024 19:49:14 UTC] PHP Warning:  simplexml_load_string():            ^ in C:\xampp\htdocs\INSOR\wp-content\plugins\ajax-search-lite\includes\classes\suggest\google_suggest.class.php on line 52
[24-Sep-2024 19:49:14 UTC] PHP Warning:  simplexml_load_string(): Entity: line 2: parser error : Extra content at the end of the document in C:\xampp\htdocs\INSOR\wp-content\plugins\ajax-search-lite\includes\classes\suggest\google_suggest.class.php on line 52
[24-Sep-2024 19:49:14 UTC] PHP Warning:  simplexml_load_string(): &lt;html lang=en&gt; in C:\xampp\htdocs\INSOR\wp-content\plugins\ajax-search-lite\includes\classes\suggest\google_suggest.class.php on line 52
[24-Sep-2024 19:49:14 UTC] PHP Warning:  simplexml_load_string():            ^ in C:\xampp\htdocs\INSOR\wp-content\plugins\ajax-search-lite\includes\classes\suggest\google_suggest.class.php on line 52
[24-Sep-2024 19:56:07 UTC] PHP Warning:  simplexml_load_string(): Entity: line 2: parser error : AttValue: &quot; or ' expected in C:\xampp\htdocs\INSOR\wp-content\plugins\ajax-search-lite\includes\classes\suggest\google_suggest.class.php on line 52
[24-Sep-2024 19:56:07 UTC] PHP Warning:  simplexml_load_string(): &lt;html lang=en&gt; in C:\xampp\htdocs\INSOR\wp-content\plugins\ajax-search-lite\includes\classes\suggest\google_suggest.class.php on line 52
[24-Sep-2024 19:56:07 UTC] PHP Warning:  simplexml_load_string():            ^ in C:\xampp\htdocs\INSOR\wp-content\plugins\ajax-search-lite\includes\classes\suggest\google_suggest.class.php on line 52
[24-Sep-2024 19:56:07 UTC] PHP Warning:  simplexml_load_string(): Entity: line 2: parser error : attributes construct error in C:\xampp\htdocs\INSOR\wp-content\plugins\ajax-search-lite\includes\classes\suggest\google_suggest.class.php on line 52
[24-Sep-2024 19:56:07 UTC] PHP Warning:  simplexml_load_string(): &lt;html lang=en&gt; in C:\xampp\htdocs\INSOR\wp-content\plugins\ajax-search-lite\includes\classes\suggest\google_suggest.class.php on line 52
[24-Sep-2024 19:56:07 UTC] PHP Warning:  simplexml_load_string():            ^ in C:\xampp\htdocs\INSOR\wp-content\plugins\ajax-search-lite\includes\classes\suggest\google_suggest.class.php on line 52
[24-Sep-2024 19:56:07 UTC] PHP Warning:  simplexml_load_string(): Entity: line 2: parser error : Couldn't find end of Start Tag html line 2 in C:\xampp\htdocs\INSOR\wp-content\plugins\ajax-search-lite\includes\classes\suggest\google_suggest.class.php on line 52
[24-Sep-2024 19:56:07 UTC] PHP Warning:  simplexml_load_string(): &lt;html lang=en&gt; in C:\xampp\htdocs\INSOR\wp-content\plugins\ajax-search-lite\includes\classes\suggest\google_suggest.class.php on line 52
[24-Sep-2024 19:56:07 UTC] PHP Warning:  simplexml_load_string():            ^ in C:\xampp\htdocs\INSOR\wp-content\plugins\ajax-search-lite\includes\classes\suggest\google_suggest.class.php on line 52
[24-Sep-2024 19:56:07 UTC] PHP Warning:  simplexml_load_string(): Entity: line 2: parser error : Extra content at the end of the document in C:\xampp\htdocs\INSOR\wp-content\plugins\ajax-search-lite\includes\classes\suggest\google_suggest.class.php on line 52
[24-Sep-2024 19:56:07 UTC] PHP Warning:  simplexml_load_string(): &lt;html lang=en&gt; in C:\xampp\htdocs\INSOR\wp-content\plugins\ajax-search-lite\includes\classes\suggest\google_suggest.class.php on line 52
[24-Sep-2024 19:56:07 UTC] PHP Warning:  simplexml_load_string():            ^ in C:\xampp\htdocs\INSOR\wp-content\plugins\ajax-search-lite\includes\classes\suggest\google_suggest.class.php on line 52
[24-Sep-2024 19:57:51 UTC] PHP Warning:  simplexml_load_string(): Entity: line 2: parser error : AttValue: &quot; or ' expected in C:\xampp\htdocs\INSOR\wp-content\plugins\ajax-search-lite\includes\classes\suggest\google_suggest.class.php on line 52
[24-Sep-2024 19:57:51 UTC] PHP Warning:  simplexml_load_string(): &lt;html lang=en&gt; in C:\xampp\htdocs\INSOR\wp-content\plugins\ajax-search-lite\includes\classes\suggest\google_suggest.class.php on line 52
[24-Sep-2024 19:57:51 UTC] PHP Warning:  simplexml_load_string():            ^ in C:\xampp\htdocs\INSOR\wp-content\plugins\ajax-search-lite\includes\classes\suggest\google_suggest.class.php on line 52
[24-Sep-2024 19:57:51 UTC] PHP Warning:  simplexml_load_string(): Entity: line 2: parser error : attributes construct error in C:\xampp\htdocs\INSOR\wp-content\plugins\ajax-search-lite\includes\classes\suggest\google_suggest.class.php on line 52
[24-Sep-2024 19:57:51 UTC] PHP Warning:  simplexml_load_string(): &lt;html lang=en&gt; in C:\xampp\htdocs\INSOR\wp-content\plugins\ajax-search-lite\includes\classes\suggest\google_suggest.class.php on line 52
[24-Sep-2024 19:57:51 UTC] PHP Warning:  simplexml_load_string():            ^ in C:\xampp\htdocs\INSOR\wp-content\plugins\ajax-search-lite\includes\classes\suggest\google_suggest.class.php on line 52
[24-Sep-2024 19:57:51 UTC] PHP Warning:  simplexml_load_string(): Entity: line 2: parser error : Couldn't find end of Start Tag html line 2 in C:\xampp\htdocs\INSOR\wp-content\plugins\ajax-search-lite\includes\classes\suggest\google_suggest.class.php on line 52
[24-Sep-2024 19:57:51 UTC] PHP Warning:  simplexml_load_string(): &lt;html lang=en&gt; in C:\xampp\htdocs\INSOR\wp-content\plugins\ajax-search-lite\includes\classes\suggest\google_suggest.class.php on line 52
[24-Sep-2024 19:57:51 UTC] PHP Warning:  simplexml_load_string():            ^ in C:\xampp\htdocs\INSOR\wp-content\plugins\ajax-search-lite\includes\classes\suggest\google_suggest.class.php on line 52
[24-Sep-2024 19:57:51 UTC] PHP Warning:  simplexml_load_string(): Entity: line 2: parser error : Extra content at the end of the document in C:\xampp\htdocs\INSOR\wp-content\plugins\ajax-search-lite\includes\classes\suggest\google_suggest.class.php on line 52
[24-Sep-2024 19:57:51 UTC] PHP Warning:  simplexml_load_string(): &lt;html lang=en&gt; in C:\xampp\htdocs\INSOR\wp-content\plugins\ajax-search-lite\includes\classes\suggest\google_suggest.class.php on line 52
[24-Sep-2024 19:57:51 UTC] PHP Warning:  simplexml_load_string():            ^ in C:\xampp\htdocs\INSOR\wp-content\plugins\ajax-search-lite\includes\classes\suggest\google_suggest.class.php on line 52
[24-Sep-2024 20:04:49 UTC] PHP Warning:  simplexml_load_string(): Entity: line 2: parser error : AttValue: &quot; or ' expected in C:\xampp\htdocs\INSOR\wp-content\plugins\ajax-search-lite\includes\classes\suggest\google_suggest.class.php on line 52
[24-Sep-2024 20:04:49 UTC] PHP Warning:  simplexml_load_string(): &lt;html lang=en&gt; in C:\xampp\htdocs\INSOR\wp-content\plugins\ajax-search-lite\includes\classes\suggest\google_suggest.class.php on line 52
[24-Sep-2024 20:04:49 UTC] PHP Warning:  simplexml_load_string():            ^ in C:\xampp\htdocs\INSOR\wp-content\plugins\ajax-search-lite\includes\classes\suggest\google_suggest.class.php on line 52
[24-Sep-2024 20:04:49 UTC] PHP Warning:  simplexml_load_string(): Entity: line 2: parser error : attributes construct error in C:\xampp\htdocs\INSOR\wp-content\plugins\ajax-search-lite\includes\classes\suggest\google_suggest.class.php on line 52
[24-Sep-2024 20:04:49 UTC] PHP Warning:  simplexml_load_string(): &lt;html lang=en&gt; in C:\xampp\htdocs\INSOR\wp-content\plugins\ajax-search-lite\includes\classes\suggest\google_suggest.class.php on line 52
[24-Sep-2024 20:04:49 UTC] PHP Warning:  simplexml_load_string():            ^ in C:\xampp\htdocs\INSOR\wp-content\plugins\ajax-search-lite\includes\classes\suggest\google_suggest.class.php on line 52
[24-Sep-2024 20:04:49 UTC] PHP Warning:  simplexml_load_string(): Entity: line 2: parser error : Couldn't find end of Start Tag html line 2 in C:\xampp\htdocs\INSOR\wp-content\plugins\ajax-search-lite\includes\classes\suggest\google_suggest.class.php on line 52
[24-Sep-2024 20:04:49 UTC] PHP Warning:  simplexml_load_string(): &lt;html lang=en&gt; in C:\xampp\htdocs\INSOR\wp-content\plugins\ajax-search-lite\includes\classes\suggest\google_suggest.class.php on line 52
[24-Sep-2024 20:04:49 UTC] PHP Warning:  simplexml_load_string():            ^ in C:\xampp\htdocs\INSOR\wp-content\plugins\ajax-search-lite\includes\classes\suggest\google_suggest.class.php on line 52
[24-Sep-2024 20:04:49 UTC] PHP Warning:  simplexml_load_string(): Entity: line 2: parser error : Extra content at the end of the document in C:\xampp\htdocs\INSOR\wp-content\plugins\ajax-search-lite\includes\classes\suggest\google_suggest.class.php on line 52
[24-Sep-2024 20:04:49 UTC] PHP Warning:  simplexml_load_string(): &lt;html lang=en&gt; in C:\xampp\htdocs\INSOR\wp-content\plugins\ajax-search-lite\includes\classes\suggest\google_suggest.class.php on line 52
[24-Sep-2024 20:04:49 UTC] PHP Warning:  simplexml_load_string():            ^ in C:\xampp\htdocs\INSOR\wp-content\plugins\ajax-search-lite\includes\classes\suggest\google_suggest.class.php on line 52
[24-Sep-2024 20:05:08 UTC] PHP Warning:  simplexml_load_string(): Entity: line 2: parser error : AttValue: &quot; or ' expected in C:\xampp\htdocs\INSOR\wp-content\plugins\ajax-search-lite\includes\classes\suggest\google_suggest.class.php on line 52
[24-Sep-2024 20:05:08 UTC] PHP Warning:  simplexml_load_string(): &lt;html lang=en&gt; in C:\xampp\htdocs\INSOR\wp-content\plugins\ajax-search-lite\includes\classes\suggest\google_suggest.class.php on line 52
[24-Sep-2024 20:05:08 UTC] PHP Warning:  simplexml_load_string():            ^ in C:\xampp\htdocs\INSOR\wp-content\plugins\ajax-search-lite\includes\classes\suggest\google_suggest.class.php on line 52
[24-Sep-2024 20:05:08 UTC] PHP Warning:  simplexml_load_string(): Entity: line 2: parser error : attributes construct error in C:\xampp\htdocs\INSOR\wp-content\plugins\ajax-search-lite\includes\classes\suggest\google_suggest.class.php on line 52
[24-Sep-2024 20:05:08 UTC] PHP Warning:  simplexml_load_string(): &lt;html lang=en&gt; in C:\xampp\htdocs\INSOR\wp-content\plugins\ajax-search-lite\includes\classes\suggest\google_suggest.class.php on line 52
[24-Sep-2024 20:05:08 UTC] PHP Warning:  simplexml_load_string():            ^ in C:\xampp\htdocs\INSOR\wp-content\plugins\ajax-search-lite\includes\classes\suggest\google_suggest.class.php on line 52
[24-Sep-2024 20:05:08 UTC] PHP Warning:  simplexml_load_string(): Entity: line 2: parser error : Couldn't find end of Start Tag html line 2 in C:\xampp\htdocs\INSOR\wp-content\plugins\ajax-search-lite\includes\classes\suggest\google_suggest.class.php on line 52
[24-Sep-2024 20:05:08 UTC] PHP Warning:  simplexml_load_string(): &lt;html lang=en&gt; in C:\xampp\htdocs\INSOR\wp-content\plugins\ajax-search-lite\includes\classes\suggest\google_suggest.class.php on line 52
[24-Sep-2024 20:05:08 UTC] PHP Warning:  simplexml_load_string():            ^ in C:\xampp\htdocs\INSOR\wp-content\plugins\ajax-search-lite\includes\classes\suggest\google_suggest.class.php on line 52
[24-Sep-2024 20:05:08 UTC] PHP Warning:  simplexml_load_string(): Entity: line 2: parser error : Extra content at the end of the document in C:\xampp\htdocs\INSOR\wp-content\plugins\ajax-search-lite\includes\classes\suggest\google_suggest.class.php on line 52
[24-Sep-2024 20:05:08 UTC] PHP Warning:  simplexml_load_string(): &lt;html lang=en&gt; in C:\xampp\htdocs\INSOR\wp-content\plugins\ajax-search-lite\includes\classes\suggest\google_suggest.class.php on line 52
[24-Sep-2024 20:05:08 UTC] PHP Warning:  simplexml_load_string():            ^ in C:\xampp\htdocs\INSOR\wp-content\plugins\ajax-search-lite\includes\classes\suggest\google_suggest.class.php on line 52
[24-Sep-2024 20:19:55 UTC] PHP Warning:  simplexml_load_string(): Entity: line 2: parser error : AttValue: &quot; or ' expected in C:\xampp\htdocs\INSOR\wp-content\plugins\ajax-search-lite\includes\classes\suggest\google_suggest.class.php on line 52
[24-Sep-2024 20:19:55 UTC] PHP Warning:  simplexml_load_string(): &lt;html lang=en&gt; in C:\xampp\htdocs\INSOR\wp-content\plugins\ajax-search-lite\includes\classes\suggest\google_suggest.class.php on line 52
[24-Sep-2024 20:19:55 UTC] PHP Warning:  simplexml_load_string():            ^ in C:\xampp\htdocs\INSOR\wp-content\plugins\ajax-search-lite\includes\classes\suggest\google_suggest.class.php on line 52
[24-Sep-2024 20:19:55 UTC] PHP Warning:  simplexml_load_string(): Entity: line 2: parser error : attributes construct error in C:\xampp\htdocs\INSOR\wp-content\plugins\ajax-search-lite\includes\classes\suggest\google_suggest.class.php on line 52
[24-Sep-2024 20:19:55 UTC] PHP Warning:  simplexml_load_string(): &lt;html lang=en&gt; in C:\xampp\htdocs\INSOR\wp-content\plugins\ajax-search-lite\includes\classes\suggest\google_suggest.class.php on line 52
[24-Sep-2024 20:19:55 UTC] PHP Warning:  simplexml_load_string():            ^ in C:\xampp\htdocs\INSOR\wp-content\plugins\ajax-search-lite\includes\classes\suggest\google_suggest.class.php on line 52
[24-Sep-2024 20:19:55 UTC] PHP Warning:  simplexml_load_string(): Entity: line 2: parser error : Couldn't find end of Start Tag html line 2 in C:\xampp\htdocs\INSOR\wp-content\plugins\ajax-search-lite\includes\classes\suggest\google_suggest.class.php on line 52
[24-Sep-2024 20:19:55 UTC] PHP Warning:  simplexml_load_string(): &lt;html lang=en&gt; in C:\xampp\htdocs\INSOR\wp-content\plugins\ajax-search-lite\includes\classes\suggest\google_suggest.class.php on line 52
[24-Sep-2024 20:19:55 UTC] PHP Warning:  simplexml_load_string():            ^ in C:\xampp\htdocs\INSOR\wp-content\plugins\ajax-search-lite\includes\classes\suggest\google_suggest.class.php on line 52
[24-Sep-2024 20:19:55 UTC] PHP Warning:  simplexml_load_string(): Entity: line 2: parser error : Extra content at the end of the document in C:\xampp\htdocs\INSOR\wp-content\plugins\ajax-search-lite\includes\classes\suggest\google_suggest.class.php on line 52
[24-Sep-2024 20:19:55 UTC] PHP Warning:  simplexml_load_string(): &lt;html lang=en&gt; in C:\xampp\htdocs\INSOR\wp-content\plugins\ajax-search-lite\includes\classes\suggest\google_suggest.class.php on line 52
[24-Sep-2024 20:19:55 UTC] PHP Warning:  simplexml_load_string():            ^ in C:\xampp\htdocs\INSOR\wp-content\plugins\ajax-search-lite\includes\classes\suggest\google_suggest.class.php on line 52
[24-Sep-2024 20:48:37 UTC] PHP Warning:  simplexml_load_string(): Entity: line 2: parser error : AttValue: &quot; or ' expected in C:\xampp\htdocs\INSOR\wp-content\plugins\ajax-search-lite\includes\classes\suggest\google_suggest.class.php on line 52
[24-Sep-2024 20:48:37 UTC] PHP Warning:  simplexml_load_string(): &lt;html lang=en&gt; in C:\xampp\htdocs\INSOR\wp-content\plugins\ajax-search-lite\includes\classes\suggest\google_suggest.class.php on line 52
[24-Sep-2024 20:48:37 UTC] PHP Warning:  simplexml_load_string():            ^ in C:\xampp\htdocs\INSOR\wp-content\plugins\ajax-search-lite\includes\classes\suggest\google_suggest.class.php on line 52
[24-Sep-2024 20:48:37 UTC] PHP Warning:  simplexml_load_string(): Entity: line 2: parser error : attributes construct error in C:\xampp\htdocs\INSOR\wp-content\plugins\ajax-search-lite\includes\classes\suggest\google_suggest.class.php on line 52
[24-Sep-2024 20:48:37 UTC] PHP Warning:  simplexml_load_string(): &lt;html lang=en&gt; in C:\xampp\htdocs\INSOR\wp-content\plugins\ajax-search-lite\includes\classes\suggest\google_suggest.class.php on line 52
[24-Sep-2024 20:48:37 UTC] PHP Warning:  simplexml_load_string():            ^ in C:\xampp\htdocs\INSOR\wp-content\plugins\ajax-search-lite\includes\classes\suggest\google_suggest.class.php on line 52
[24-Sep-2024 20:48:37 UTC] PHP Warning:  simplexml_load_string(): Entity: line 2: parser error : Couldn't find end of Start Tag html line 2 in C:\xampp\htdocs\INSOR\wp-content\plugins\ajax-search-lite\includes\classes\suggest\google_suggest.class.php on line 52
[24-Sep-2024 20:48:37 UTC] PHP Warning:  simplexml_load_string(): &lt;html lang=en&gt; in C:\xampp\htdocs\INSOR\wp-content\plugins\ajax-search-lite\includes\classes\suggest\google_suggest.class.php on line 52
[24-Sep-2024 20:48:37 UTC] PHP Warning:  simplexml_load_string():            ^ in C:\xampp\htdocs\INSOR\wp-content\plugins\ajax-search-lite\includes\classes\suggest\google_suggest.class.php on line 52
[24-Sep-2024 20:48:37 UTC] PHP Warning:  simplexml_load_string(): Entity: line 2: parser error : Extra content at the end of the document in C:\xampp\htdocs\INSOR\wp-content\plugins\ajax-search-lite\includes\classes\suggest\google_suggest.class.php on line 52
[24-Sep-2024 20:48:37 UTC] PHP Warning:  simplexml_load_string(): &lt;html lang=en&gt; in C:\xampp\htdocs\INSOR\wp-content\plugins\ajax-search-lite\includes\classes\suggest\google_suggest.class.php on line 52
[24-Sep-2024 20:48:37 UTC] PHP Warning:  simplexml_load_string():            ^ in C:\xampp\htdocs\INSOR\wp-content\plugins\ajax-search-lite\includes\classes\suggest\google_suggest.class.php on line 52
[24-Sep-2024 23:56:42 UTC] Automatic updates starting...
[24-Sep-2024 23:56:43 UTC] Automatic updates complete.
[25-Sep-2024 18:04:41 UTC] Automatic updates starting...
[25-Sep-2024 18:04:43 UTC] Automatic updates complete.
[25-Sep-2024 21:06:25 UTC] PHP Notice:  Undefined variable: clase_personalizada in C:\xampp\htdocs\INSOR\wp-content\themes\insor\functions.php on line 28
[25-Sep-2024 21:06:25 UTC] PHP Notice:  Undefined variable: clase_personalizada in C:\xampp\htdocs\INSOR\wp-content\themes\insor\functions.php on line 28
[25-Sep-2024 21:06:25 UTC] PHP Notice:  Undefined variable: clase_personalizada in C:\xampp\htdocs\INSOR\wp-content\themes\insor\functions.php on line 28
[25-Sep-2024 21:06:26 UTC] PHP Notice:  Undefined variable: clase_personalizada in C:\xampp\htdocs\INSOR\wp-content\themes\insor\functions.php on line 28
[25-Sep-2024 21:06:26 UTC] PHP Notice:  Undefined variable: clase_personalizada in C:\xampp\htdocs\INSOR\wp-content\themes\insor\functions.php on line 28
[25-Sep-2024 21:06:26 UTC] PHP Notice:  Undefined variable: clase_personalizada in C:\xampp\htdocs\INSOR\wp-content\themes\insor\functions.php on line 28
[25-Sep-2024 21:06:26 UTC] PHP Notice:  Undefined variable: clase_personalizada in C:\xampp\htdocs\INSOR\wp-content\themes\insor\functions.php on line 28
[25-Sep-2024 21:06:26 UTC] PHP Notice:  Undefined variable: clase_personalizada in C:\xampp\htdocs\INSOR\wp-content\themes\insor\functions.php on line 28
[25-Sep-2024 21:06:26 UTC] PHP Notice:  Undefined variable: clase_personalizada in C:\xampp\htdocs\INSOR\wp-content\themes\insor\functions.php on line 28
[25-Sep-2024 21:06:26 UTC] PHP Notice:  Undefined variable: clase_personalizada in C:\xampp\htdocs\INSOR\wp-content\themes\insor\functions.php on line 28
[25-Sep-2024 21:06:26 UTC] PHP Notice:  Undefined variable: clase_personalizada in C:\xampp\htdocs\INSOR\wp-content\themes\insor\functions.php on line 28
[25-Sep-2024 21:06:26 UTC] PHP Notice:  Undefined variable: clase_personalizada in C:\xampp\htdocs\INSOR\wp-content\themes\insor\functions.php on line 28
[25-Sep-2024 21:06:26 UTC] PHP Notice:  Undefined variable: clase_personalizada in C:\xampp\htdocs\INSOR\wp-content\themes\insor\functions.php on line 28
[25-Sep-2024 21:06:26 UTC] PHP Notice:  Undefined variable: clase_personalizada in C:\xampp\htdocs\INSOR\wp-content\themes\insor\functions.php on line 28
[25-Sep-2024 21:06:26 UTC] PHP Notice:  Undefined variable: clase_personalizada in C:\xampp\htdocs\INSOR\wp-content\themes\insor\functions.php on line 28
[25-Sep-2024 21:07:57 UTC] PHP Notice:  Undefined variable: clase_personalizada in C:\xampp\htdocs\INSOR\wp-content\themes\insor\functions.php on line 28
[25-Sep-2024 21:07:57 UTC] PHP Notice:  Undefined variable: clase_personalizada in C:\xampp\htdocs\INSOR\wp-content\themes\insor\functions.php on line 28
[25-Sep-2024 21:07:57 UTC] PHP Notice:  Undefined variable: clase_personalizada in C:\xampp\htdocs\INSOR\wp-content\themes\insor\functions.php on line 28
[25-Sep-2024 21:07:57 UTC] PHP Notice:  Undefined variable: clase_personalizada in C:\xampp\htdocs\INSOR\wp-content\themes\insor\functions.php on line 28
[25-Sep-2024 21:07:57 UTC] PHP Notice:  Undefined variable: clase_personalizada in C:\xampp\htdocs\INSOR\wp-content\themes\insor\functions.php on line 28
[25-Sep-2024 21:07:57 UTC] PHP Notice:  Undefined variable: clase_personalizada in C:\xampp\htdocs\INSOR\wp-content\themes\insor\functions.php on line 28
[25-Sep-2024 21:07:57 UTC] PHP Notice:  Undefined variable: clase_personalizada in C:\xampp\htdocs\INSOR\wp-content\themes\insor\functions.php on line 28
[25-Sep-2024 21:07:57 UTC] PHP Notice:  Undefined variable: clase_personalizada in C:\xampp\htdocs\INSOR\wp-content\themes\insor\functions.php on line 28
[25-Sep-2024 21:07:57 UTC] PHP Notice:  Undefined variable: clase_personalizada in C:\xampp\htdocs\INSOR\wp-content\themes\insor\functions.php on line 28
[25-Sep-2024 21:07:57 UTC] PHP Notice:  Undefined variable: clase_personalizada in C:\xampp\htdocs\INSOR\wp-content\themes\insor\functions.php on line 28
[25-Sep-2024 21:07:57 UTC] PHP Notice:  Undefined variable: clase_personalizada in C:\xampp\htdocs\INSOR\wp-content\themes\insor\functions.php on line 28
[25-Sep-2024 21:07:57 UTC] PHP Notice:  Undefined variable: clase_personalizada in C:\xampp\htdocs\INSOR\wp-content\themes\insor\functions.php on line 28
[25-Sep-2024 21:07:57 UTC] PHP Notice:  Undefined variable: clase_personalizada in C:\xampp\htdocs\INSOR\wp-content\themes\insor\functions.php on line 28
[25-Sep-2024 21:07:57 UTC] PHP Notice:  Undefined variable: clase_personalizada in C:\xampp\htdocs\INSOR\wp-content\themes\insor\functions.php on line 28
[25-Sep-2024 21:07:57 UTC] PHP Notice:  Undefined variable: clase_personalizada in C:\xampp\htdocs\INSOR\wp-content\themes\insor\functions.php on line 28
[25-Sep-2024 21:07:57 UTC] PHP Notice:  Undefined variable: clase_personalizada in C:\xampp\htdocs\INSOR\wp-content\themes\insor\functions.php on line 28
[25-Sep-2024 21:07:58 UTC] PHP Notice:  Undefined variable: clase_personalizada in C:\xampp\htdocs\INSOR\wp-content\themes\insor\functions.php on line 28
[25-Sep-2024 21:07:58 UTC] PHP Notice:  Undefined variable: clase_personalizada in C:\xampp\htdocs\INSOR\wp-content\themes\insor\functions.php on line 28
[25-Sep-2024 21:07:58 UTC] PHP Notice:  Undefined variable: clase_personalizada in C:\xampp\htdocs\INSOR\wp-content\themes\insor\functions.php on line 28
[25-Sep-2024 21:07:58 UTC] PHP Notice:  Undefined variable: clase_personalizada in C:\xampp\htdocs\INSOR\wp-content\themes\insor\functions.php on line 28
[25-Sep-2024 21:07:58 UTC] PHP Notice:  Undefined variable: clase_personalizada in C:\xampp\htdocs\INSOR\wp-content\themes\insor\functions.php on line 28
[25-Sep-2024 21:07:58 UTC] PHP Notice:  Undefined variable: clase_personalizada in C:\xampp\htdocs\INSOR\wp-content\themes\insor\functions.php on line 28
[25-Sep-2024 21:07:58 UTC] PHP Notice:  Undefined variable: clase_personalizada in C:\xampp\htdocs\INSOR\wp-content\themes\insor\functions.php on line 28
[25-Sep-2024 21:07:58 UTC] PHP Notice:  Undefined variable: clase_personalizada in C:\xampp\htdocs\INSOR\wp-content\themes\insor\functions.php on line 28
[25-Sep-2024 21:07:58 UTC] PHP Notice:  Undefined variable: clase_personalizada in C:\xampp\htdocs\INSOR\wp-content\themes\insor\functions.php on line 28
[25-Sep-2024 21:07:58 UTC] PHP Notice:  Undefined variable: clase_personalizada in C:\xampp\htdocs\INSOR\wp-content\themes\insor\functions.php on line 28
[25-Sep-2024 21:07:58 UTC] PHP Notice:  Undefined variable: clase_personalizada in C:\xampp\htdocs\INSOR\wp-content\themes\insor\functions.php on line 28
[25-Sep-2024 21:07:58 UTC] PHP Notice:  Undefined variable: clase_personalizada in C:\xampp\htdocs\INSOR\wp-content\themes\insor\functions.php on line 28
[25-Sep-2024 21:07:58 UTC] PHP Notice:  Undefined variable: clase_personalizada in C:\xampp\htdocs\INSOR\wp-content\themes\insor\functions.php on line 28
[25-Sep-2024 21:07:58 UTC] PHP Notice:  Undefined variable: clase_personalizada in C:\xampp\htdocs\INSOR\wp-content\themes\insor\functions.php on line 28
[25-Sep-2024 21:07:58 UTC] PHP Notice:  Undefined variable: clase_personalizada in C:\xampp\htdocs\INSOR\wp-content\themes\insor\functions.php on line 28
[25-Sep-2024 21:07:58 UTC] PHP Notice:  Undefined variable: clase_personalizada in C:\xampp\htdocs\INSOR\wp-content\themes\insor\functions.php on line 28
[25-Sep-2024 21:08:52 UTC] PHP Warning:  A non-numeric value encountered in C:\xampp\htdocs\INSOR\wp-content\themes\insor\functions.php on line 24
[25-Sep-2024 21:08:52 UTC] PHP Warning:  A non-numeric value encountered in C:\xampp\htdocs\INSOR\wp-content\themes\insor\functions.php on line 24
[25-Sep-2024 21:08:52 UTC] PHP Warning:  A non-numeric value encountered in C:\xampp\htdocs\INSOR\wp-content\themes\insor\functions.php on line 24
[25-Sep-2024 21:08:52 UTC] PHP Warning:  A non-numeric value encountered in C:\xampp\htdocs\INSOR\wp-content\themes\insor\functions.php on line 24
[25-Sep-2024 21:08:52 UTC] PHP Warning:  A non-numeric value encountered in C:\xampp\htdocs\INSOR\wp-content\themes\insor\functions.php on line 24
[25-Sep-2024 21:08:52 UTC] PHP Warning:  A non-numeric value encountered in C:\xampp\htdocs\INSOR\wp-content\themes\insor\functions.php on line 24
[25-Sep-2024 21:08:52 UTC] PHP Warning:  A non-numeric value encountered in C:\xampp\htdocs\INSOR\wp-content\themes\insor\functions.php on line 24
[25-Sep-2024 21:08:52 UTC] PHP Warning:  A non-numeric value encountered in C:\xampp\htdocs\INSOR\wp-content\themes\insor\functions.php on line 24
[25-Sep-2024 21:08:52 UTC] PHP Warning:  A non-numeric value encountered in C:\xampp\htdocs\INSOR\wp-content\themes\insor\functions.php on line 24
[25-Sep-2024 21:08:52 UTC] PHP Warning:  A non-numeric value encountered in C:\xampp\htdocs\INSOR\wp-content\themes\insor\functions.php on line 24
[25-Sep-2024 21:08:52 UTC] PHP Warning:  A non-numeric value encountered in C:\xampp\htdocs\INSOR\wp-content\themes\insor\functions.php on line 24
[25-Sep-2024 21:08:52 UTC] PHP Warning:  A non-numeric value encountered in C:\xampp\htdocs\INSOR\wp-content\themes\insor\functions.php on line 24
[25-Sep-2024 21:08:52 UTC] PHP Warning:  A non-numeric value encountered in C:\xampp\htdocs\INSOR\wp-content\themes\insor\functions.php on line 24
[25-Sep-2024 21:08:52 UTC] PHP Warning:  A non-numeric value encountered in C:\xampp\htdocs\INSOR\wp-content\themes\insor\functions.php on line 24
[25-Sep-2024 21:08:52 UTC] PHP Warning:  A non-numeric value encountered in C:\xampp\htdocs\INSOR\wp-content\themes\insor\functions.php on line 24
[25-Sep-2024 21:08:52 UTC] PHP Warning:  A non-numeric value encountered in C:\xampp\htdocs\INSOR\wp-content\themes\insor\functions.php on line 24
[25-Sep-2024 21:08:52 UTC] PHP Warning:  A non-numeric value encountered in C:\xampp\htdocs\INSOR\wp-content\themes\insor\functions.php on line 24
[25-Sep-2024 21:08:52 UTC] PHP Warning:  A non-numeric value encountered in C:\xampp\htdocs\INSOR\wp-content\themes\insor\functions.php on line 24
[25-Sep-2024 21:08:52 UTC] PHP Warning:  A non-numeric value encountered in C:\xampp\htdocs\INSOR\wp-content\themes\insor\functions.php on line 24
[25-Sep-2024 21:08:52 UTC] PHP Warning:  A non-numeric value encountered in C:\xampp\htdocs\INSOR\wp-content\themes\insor\functions.php on line 24
[25-Sep-2024 21:08:52 UTC] PHP Warning:  A non-numeric value encountered in C:\xampp\htdocs\INSOR\wp-content\themes\insor\functions.php on line 24
[25-Sep-2024 21:08:52 UTC] PHP Warning:  A non-numeric value encountered in C:\xampp\htdocs\INSOR\wp-content\themes\insor\functions.php on line 24
[25-Sep-2024 21:08:52 UTC] PHP Warning:  A non-numeric value encountered in C:\xampp\htdocs\INSOR\wp-content\themes\insor\functions.php on line 24
[25-Sep-2024 21:08:52 UTC] PHP Warning:  A non-numeric value encountered in C:\xampp\htdocs\INSOR\wp-content\themes\insor\functions.php on line 24
[25-Sep-2024 21:08:52 UTC] PHP Warning:  A non-numeric value encountered in C:\xampp\htdocs\INSOR\wp-content\themes\insor\functions.php on line 24
[25-Sep-2024 21:08:52 UTC] PHP Warning:  A non-numeric value encountered in C:\xampp\htdocs\INSOR\wp-content\themes\insor\functions.php on line 24
[25-Sep-2024 21:08:58 UTC] PHP Warning:  A non-numeric value encountered in C:\xampp\htdocs\INSOR\wp-content\themes\insor\functions.php on line 24
[25-Sep-2024 21:08:58 UTC] PHP Warning:  A non-numeric value encountered in C:\xampp\htdocs\INSOR\wp-content\themes\insor\functions.php on line 24
[25-Sep-2024 21:08:58 UTC] PHP Warning:  A non-numeric value encountered in C:\xampp\htdocs\INSOR\wp-content\themes\insor\functions.php on line 24
[25-Sep-2024 21:08:58 UTC] PHP Warning:  A non-numeric value encountered in C:\xampp\htdocs\INSOR\wp-content\themes\insor\functions.php on line 24
[25-Sep-2024 21:08:58 UTC] PHP Warning:  A non-numeric value encountered in C:\xampp\htdocs\INSOR\wp-content\themes\insor\functions.php on line 24
[25-Sep-2024 21:08:58 UTC] PHP Warning:  A non-numeric value encountered in C:\xampp\htdocs\INSOR\wp-content\themes\insor\functions.php on line 24
[25-Sep-2024 21:08:58 UTC] PHP Warning:  A non-numeric value encountered in C:\xampp\htdocs\INSOR\wp-content\themes\insor\functions.php on line 24
[25-Sep-2024 21:08:58 UTC] PHP Warning:  A non-numeric value encountered in C:\xampp\htdocs\INSOR\wp-content\themes\insor\functions.php on line 24
[25-Sep-2024 21:08:58 UTC] PHP Warning:  A non-numeric value encountered in C:\xampp\htdocs\INSOR\wp-content\themes\insor\functions.php on line 24
[25-Sep-2024 21:08:58 UTC] PHP Warning:  A non-numeric value encountered in C:\xampp\htdocs\INSOR\wp-content\themes\insor\functions.php on line 24
[25-Sep-2024 21:08:58 UTC] PHP Warning:  A non-numeric value encountered in C:\xampp\htdocs\INSOR\wp-content\themes\insor\functions.php on line 24
[25-Sep-2024 21:08:58 UTC] PHP Warning:  A non-numeric value encountered in C:\xampp\htdocs\INSOR\wp-content\themes\insor\functions.php on line 24
[25-Sep-2024 21:08:58 UTC] PHP Warning:  A non-numeric value encountered in C:\xampp\htdocs\INSOR\wp-content\themes\insor\functions.php on line 24
[25-Sep-2024 21:08:58 UTC] PHP Warning:  A non-numeric value encountered in C:\xampp\htdocs\INSOR\wp-content\themes\insor\functions.php on line 24
[25-Sep-2024 21:08:58 UTC] PHP Warning:  A non-numeric value encountered in C:\xampp\htdocs\INSOR\wp-content\themes\insor\functions.php on line 24
[25-Sep-2024 21:08:58 UTC] PHP Warning:  A non-numeric value encountered in C:\xampp\htdocs\INSOR\wp-content\themes\insor\functions.php on line 24
[25-Sep-2024 21:08:58 UTC] PHP Warning:  A non-numeric value encountered in C:\xampp\htdocs\INSOR\wp-content\themes\insor\functions.php on line 24
[25-Sep-2024 21:08:58 UTC] PHP Warning:  A non-numeric value encountered in C:\xampp\htdocs\INSOR\wp-content\themes\insor\functions.php on line 24
[25-Sep-2024 21:08:58 UTC] PHP Warning:  A non-numeric value encountered in C:\xampp\htdocs\INSOR\wp-content\themes\insor\functions.php on line 24
[25-Sep-2024 21:08:58 UTC] PHP Warning:  A non-numeric value encountered in C:\xampp\htdocs\INSOR\wp-content\themes\insor\functions.php on line 24
[25-Sep-2024 21:08:58 UTC] PHP Warning:  A non-numeric value encountered in C:\xampp\htdocs\INSOR\wp-content\themes\insor\functions.php on line 24
[25-Sep-2024 21:08:58 UTC] PHP Warning:  A non-numeric value encountered in C:\xampp\htdocs\INSOR\wp-content\themes\insor\functions.php on line 24
[25-Sep-2024 21:08:58 UTC] PHP Warning:  A non-numeric value encountered in C:\xampp\htdocs\INSOR\wp-content\themes\insor\functions.php on line 24
[25-Sep-2024 21:08:58 UTC] PHP Warning:  A non-numeric value encountered in C:\xampp\htdocs\INSOR\wp-content\themes\insor\functions.php on line 24
[25-Sep-2024 21:08:58 UTC] PHP Warning:  A non-numeric value encountered in C:\xampp\htdocs\INSOR\wp-content\themes\insor\functions.php on line 24
[25-Sep-2024 21:08:58 UTC] PHP Warning:  A non-numeric value encountered in C:\xampp\htdocs\INSOR\wp-content\themes\insor\functions.php on line 24
[25-Sep-2024 21:09:26 UTC] PHP Warning:  A non-numeric value encountered in C:\xampp\htdocs\INSOR\wp-content\themes\insor\functions.php on line 24
[25-Sep-2024 21:09:26 UTC] PHP Warning:  A non-numeric value encountered in C:\xampp\htdocs\INSOR\wp-content\themes\insor\functions.php on line 24
[25-Sep-2024 21:09:26 UTC] PHP Warning:  A non-numeric value encountered in C:\xampp\htdocs\INSOR\wp-content\themes\insor\functions.php on line 24
[25-Sep-2024 21:09:26 UTC] PHP Warning:  A non-numeric value encountered in C:\xampp\htdocs\INSOR\wp-content\themes\insor\functions.php on line 24
[25-Sep-2024 21:09:26 UTC] PHP Warning:  A non-numeric value encountered in C:\xampp\htdocs\INSOR\wp-content\themes\insor\functions.php on line 24
[25-Sep-2024 21:09:26 UTC] PHP Warning:  A non-numeric value encountered in C:\xampp\htdocs\INSOR\wp-content\themes\insor\functions.php on line 24
[25-Sep-2024 21:09:26 UTC] PHP Warning:  A non-numeric value encountered in C:\xampp\htdocs\INSOR\wp-content\themes\insor\functions.php on line 24
[25-Sep-2024 21:09:26 UTC] PHP Warning:  A non-numeric value encountered in C:\xampp\htdocs\INSOR\wp-content\themes\insor\functions.php on line 24
[25-Sep-2024 21:09:26 UTC] PHP Warning:  A non-numeric value encountered in C:\xampp\htdocs\INSOR\wp-content\themes\insor\functions.php on line 24
[25-Sep-2024 21:09:26 UTC] PHP Warning:  A non-numeric value encountered in C:\xampp\htdocs\INSOR\wp-content\themes\insor\functions.php on line 24
[25-Sep-2024 21:09:26 UTC] PHP Warning:  A non-numeric value encountered in C:\xampp\htdocs\INSOR\wp-content\themes\insor\functions.php on line 24
[25-Sep-2024 21:09:26 UTC] PHP Warning:  A non-numeric value encountered in C:\xampp\htdocs\INSOR\wp-content\themes\insor\functions.php on line 24
[25-Sep-2024 21:09:26 UTC] PHP Warning:  A non-numeric value encountered in C:\xampp\htdocs\INSOR\wp-content\themes\insor\functions.php on line 24
[25-Sep-2024 21:09:26 UTC] PHP Warning:  A non-numeric value encountered in C:\xampp\htdocs\INSOR\wp-content\themes\insor\functions.php on line 24
[25-Sep-2024 21:09:26 UTC] PHP Warning:  A non-numeric value encountered in C:\xampp\htdocs\INSOR\wp-content\themes\insor\functions.php on line 24
[25-Sep-2024 21:09:26 UTC] PHP Warning:  A non-numeric value encountered in C:\xampp\htdocs\INSOR\wp-content\themes\insor\functions.php on line 24
[25-Sep-2024 21:09:26 UTC] PHP Warning:  A non-numeric value encountered in C:\xampp\htdocs\INSOR\wp-content\themes\insor\functions.php on line 24
[25-Sep-2024 21:09:26 UTC] PHP Warning:  A non-numeric value encountered in C:\xampp\htdocs\INSOR\wp-content\themes\insor\functions.php on line 24
[25-Sep-2024 21:09:26 UTC] PHP Warning:  A non-numeric value encountered in C:\xampp\htdocs\INSOR\wp-content\themes\insor\functions.php on line 24
[25-Sep-2024 21:09:26 UTC] PHP Warning:  A non-numeric value encountered in C:\xampp\htdocs\INSOR\wp-content\themes\insor\functions.php on line 24
[25-Sep-2024 21:09:27 UTC] PHP Warning:  A non-numeric value encountered in C:\xampp\htdocs\INSOR\wp-content\themes\insor\functions.php on line 24
[25-Sep-2024 21:09:27 UTC] PHP Warning:  A non-numeric value encountered in C:\xampp\htdocs\INSOR\wp-content\themes\insor\functions.php on line 24
[25-Sep-2024 21:09:27 UTC] PHP Warning:  A non-numeric value encountered in C:\xampp\htdocs\INSOR\wp-content\themes\insor\functions.php on line 24
[25-Sep-2024 21:09:27 UTC] PHP Warning:  A non-numeric value encountered in C:\xampp\htdocs\INSOR\wp-content\themes\insor\functions.php on line 24
[25-Sep-2024 21:09:27 UTC] PHP Warning:  A non-numeric value encountered in C:\xampp\htdocs\INSOR\wp-content\themes\insor\functions.php on line 24
[25-Sep-2024 21:09:27 UTC] PHP Warning:  A non-numeric value encountered in C:\xampp\htdocs\INSOR\wp-content\themes\insor\functions.php on line 24
[29-Nov-2024 16:15:05 UTC] PHP Warning:  mysqli_real_connect(): (HY000/1045): Access denied for user 'consulto1_Insor2024'@'localhost' (using password: YES) in C:\xampp1\htdocs\INSOR\wp-includes\class-wpdb.php on line 1982
[29-Nov-2024 16:15:56 UTC] PHP Warning:  mysqli_real_connect(): (HY000/1045): Access denied for user 'consulto1_Insor2024'@'localhost' (using password: YES) in C:\xampp1\htdocs\INSOR\wp-includes\class-wpdb.php on line 1982
[29-Nov-2024 16:15:58 UTC] PHP Warning:  mysqli_real_connect(): (HY000/1045): Access denied for user 'consulto1_Insor2024'@'localhost' (using password: YES) in C:\xampp1\htdocs\INSOR\wp-includes\class-wpdb.php on line 1982
[29-Nov-2024 16:17:41 UTC] PHP Notice:  Trying to get property 'before' of non-object in C:\xampp1\htdocs\INSOR\wp-includes\class-walker-nav-menu.php on line 273
[29-Nov-2024 16:17:41 UTC] PHP Notice:  Trying to get property 'link_before' of non-object in C:\xampp1\htdocs\INSOR\wp-includes\class-walker-nav-menu.php on line 275
[29-Nov-2024 16:17:41 UTC] PHP Notice:  Trying to get property 'link_after' of non-object in C:\xampp1\htdocs\INSOR\wp-includes\class-walker-nav-menu.php on line 275
[29-Nov-2024 16:17:41 UTC] PHP Notice:  Trying to get property 'after' of non-object in C:\xampp1\htdocs\INSOR\wp-includes\class-walker-nav-menu.php on line 277
[29-Nov-2024 16:17:41 UTC] PHP Notice:  Trying to get property 'before' of non-object in C:\xampp1\htdocs\INSOR\wp-includes\class-walker-nav-menu.php on line 273
[29-Nov-2024 16:17:41 UTC] PHP Notice:  Trying to get property 'link_before' of non-object in C:\xampp1\htdocs\INSOR\wp-includes\class-walker-nav-menu.php on line 275
[29-Nov-2024 16:17:41 UTC] PHP Notice:  Trying to get property 'link_after' of non-object in C:\xampp1\htdocs\INSOR\wp-includes\class-walker-nav-menu.php on line 275
[29-Nov-2024 16:17:41 UTC] PHP Notice:  Trying to get property 'after' of non-object in C:\xampp1\htdocs\INSOR\wp-includes\class-walker-nav-menu.php on line 277
[29-Nov-2024 16:17:41 UTC] PHP Notice:  Trying to get property 'before' of non-object in C:\xampp1\htdocs\INSOR\wp-includes\class-walker-nav-menu.php on line 273
[29-Nov-2024 16:17:41 UTC] PHP Notice:  Trying to get property 'link_before' of non-object in C:\xampp1\htdocs\INSOR\wp-includes\class-walker-nav-menu.php on line 275
[29-Nov-2024 16:17:41 UTC] PHP Notice:  Trying to get property 'link_after' of non-object in C:\xampp1\htdocs\INSOR\wp-includes\class-walker-nav-menu.php on line 275
[29-Nov-2024 16:17:41 UTC] PHP Notice:  Trying to get property 'after' of non-object in C:\xampp1\htdocs\INSOR\wp-includes\class-walker-nav-menu.php on line 277
[29-Nov-2024 16:17:41 UTC] PHP Notice:  Trying to get property 'before' of non-object in C:\xampp1\htdocs\INSOR\wp-includes\class-walker-nav-menu.php on line 273
[29-Nov-2024 16:17:41 UTC] PHP Notice:  Trying to get property 'link_before' of non-object in C:\xampp1\htdocs\INSOR\wp-includes\class-walker-nav-menu.php on line 275
[29-Nov-2024 16:17:41 UTC] PHP Notice:  Trying to get property 'link_after' of non-object in C:\xampp1\htdocs\INSOR\wp-includes\class-walker-nav-menu.php on line 275
[29-Nov-2024 16:17:41 UTC] PHP Notice:  Trying to get property 'after' of non-object in C:\xampp1\htdocs\INSOR\wp-includes\class-walker-nav-menu.php on line 277
[29-Nov-2024 16:17:41 UTC] PHP Notice:  Trying to get property 'before' of non-object in C:\xampp1\htdocs\INSOR\wp-includes\class-walker-nav-menu.php on line 273
[29-Nov-2024 16:17:41 UTC] PHP Notice:  Trying to get property 'link_before' of non-object in C:\xampp1\htdocs\INSOR\wp-includes\class-walker-nav-menu.php on line 275
[29-Nov-2024 16:17:41 UTC] PHP Notice:  Trying to get property 'link_after' of non-object in C:\xampp1\htdocs\INSOR\wp-includes\class-walker-nav-menu.php on line 275
[29-Nov-2024 16:17:41 UTC] PHP Notice:  Trying to get property 'after' of non-object in C:\xampp1\htdocs\INSOR\wp-includes\class-walker-nav-menu.php on line 277
[29-Nov-2024 16:17:41 UTC] PHP Notice:  Trying to get property 'before' of non-object in C:\xampp1\htdocs\INSOR\wp-includes\class-walker-nav-menu.php on line 273
[29-Nov-2024 16:17:41 UTC] PHP Notice:  Trying to get property 'link_before' of non-object in C:\xampp1\htdocs\INSOR\wp-includes\class-walker-nav-menu.php on line 275
[29-Nov-2024 16:17:41 UTC] PHP Notice:  Trying to get property 'link_after' of non-object in C:\xampp1\htdocs\INSOR\wp-includes\class-walker-nav-menu.php on line 275
[29-Nov-2024 16:17:41 UTC] PHP Notice:  Trying to get property 'after' of non-object in C:\xampp1\htdocs\INSOR\wp-includes\class-walker-nav-menu.php on line 277
[29-Nov-2024 16:17:41 UTC] PHP Notice:  Trying to get property 'before' of non-object in C:\xampp1\htdocs\INSOR\wp-includes\class-walker-nav-menu.php on line 273
[29-Nov-2024 16:17:41 UTC] PHP Notice:  Trying to get property 'link_before' of non-object in C:\xampp1\htdocs\INSOR\wp-includes\class-walker-nav-menu.php on line 275
[29-Nov-2024 16:17:41 UTC] PHP Notice:  Trying to get property 'link_after' of non-object in C:\xampp1\htdocs\INSOR\wp-includes\class-walker-nav-menu.php on line 275
[29-Nov-2024 16:17:41 UTC] PHP Notice:  Trying to get property 'after' of non-object in C:\xampp1\htdocs\INSOR\wp-includes\class-walker-nav-menu.php on line 277
[29-Nov-2024 16:17:41 UTC] PHP Notice:  Trying to get property 'before' of non-object in C:\xampp1\htdocs\INSOR\wp-includes\class-walker-nav-menu.php on line 273
[29-Nov-2024 16:17:41 UTC] PHP Notice:  Trying to get property 'link_before' of non-object in C:\xampp1\htdocs\INSOR\wp-includes\class-walker-nav-menu.php on line 275
[29-Nov-2024 16:17:41 UTC] PHP Notice:  Trying to get property 'link_after' of non-object in C:\xampp1\htdocs\INSOR\wp-includes\class-walker-nav-menu.php on line 275
[29-Nov-2024 16:17:41 UTC] PHP Notice:  Trying to get property 'after' of non-object in C:\xampp1\htdocs\INSOR\wp-includes\class-walker-nav-menu.php on line 277
[29-Nov-2024 16:17:41 UTC] PHP Notice:  Trying to get property 'before' of non-object in C:\xampp1\htdocs\INSOR\wp-includes\class-walker-nav-menu.php on line 273
[29-Nov-2024 16:17:41 UTC] PHP Notice:  Trying to get property 'link_before' of non-object in C:\xampp1\htdocs\INSOR\wp-includes\class-walker-nav-menu.php on line 275
[29-Nov-2024 16:17:41 UTC] PHP Notice:  Trying to get property 'link_after' of non-object in C:\xampp1\htdocs\INSOR\wp-includes\class-walker-nav-menu.php on line 275
[29-Nov-2024 16:17:41 UTC] PHP Notice:  Trying to get property 'after' of non-object in C:\xampp1\htdocs\INSOR\wp-includes\class-walker-nav-menu.php on line 277
[29-Nov-2024 16:17:41 UTC] PHP Notice:  Trying to get property 'before' of non-object in C:\xampp1\htdocs\INSOR\wp-includes\class-walker-nav-menu.php on line 273
[29-Nov-2024 16:17:41 UTC] PHP Notice:  Trying to get property 'link_before' of non-object in C:\xampp1\htdocs\INSOR\wp-includes\class-walker-nav-menu.php on line 275
[29-Nov-2024 16:17:41 UTC] PHP Notice:  Trying to get property 'link_after' of non-object in C:\xampp1\htdocs\INSOR\wp-includes\class-walker-nav-menu.php on line 275
[29-Nov-2024 16:17:41 UTC] PHP Notice:  Trying to get property 'after' of non-object in C:\xampp1\htdocs\INSOR\wp-includes\class-walker-nav-menu.php on line 277
[29-Nov-2024 16:17:41 UTC] PHP Notice:  Trying to get property 'before' of non-object in C:\xampp1\htdocs\INSOR\wp-includes\class-walker-nav-menu.php on line 273
[29-Nov-2024 16:17:41 UTC] PHP Notice:  Trying to get property 'link_before' of non-object in C:\xampp1\htdocs\INSOR\wp-includes\class-walker-nav-menu.php on line 275
[29-Nov-2024 16:17:41 UTC] PHP Notice:  Trying to get property 'link_after' of non-object in C:\xampp1\htdocs\INSOR\wp-includes\class-walker-nav-menu.php on line 275
[29-Nov-2024 16:17:41 UTC] PHP Notice:  Trying to get property 'after' of non-object in C:\xampp1\htdocs\INSOR\wp-includes\class-walker-nav-menu.php on line 277
[29-Nov-2024 16:17:41 UTC] PHP Notice:  Trying to get property 'before' of non-object in C:\xampp1\htdocs\INSOR\wp-includes\class-walker-nav-menu.php on line 273
[29-Nov-2024 16:17:41 UTC] PHP Notice:  Trying to get property 'link_before' of non-object in C:\xampp1\htdocs\INSOR\wp-includes\class-walker-nav-menu.php on line 275
[29-Nov-2024 16:17:41 UTC] PHP Notice:  Trying to get property 'link_after' of non-object in C:\xampp1\htdocs\INSOR\wp-includes\class-walker-nav-menu.php on line 275
[29-Nov-2024 16:17:41 UTC] PHP Notice:  Trying to get property 'after' of non-object in C:\xampp1\htdocs\INSOR\wp-includes\class-walker-nav-menu.php on line 277
[29-Nov-2024 16:17:41 UTC] PHP Notice:  Trying to get property 'before' of non-object in C:\xampp1\htdocs\INSOR\wp-includes\class-walker-nav-menu.php on line 273
[29-Nov-2024 16:17:41 UTC] PHP Notice:  Trying to get property 'link_before' of non-object in C:\xampp1\htdocs\INSOR\wp-includes\class-walker-nav-menu.php on line 275
[29-Nov-2024 16:17:41 UTC] PHP Notice:  Trying to get property 'link_after' of non-object in C:\xampp1\htdocs\INSOR\wp-includes\class-walker-nav-menu.php on line 275
[29-Nov-2024 16:17:41 UTC] PHP Notice:  Trying to get property 'after' of non-object in C:\xampp1\htdocs\INSOR\wp-includes\class-walker-nav-menu.php on line 277
[29-Nov-2024 16:17:41 UTC] PHP Notice:  Trying to get property 'before' of non-object in C:\xampp1\htdocs\INSOR\wp-includes\class-walker-nav-menu.php on line 273
[29-Nov-2024 16:17:41 UTC] PHP Notice:  Trying to get property 'link_before' of non-object in C:\xampp1\htdocs\INSOR\wp-includes\class-walker-nav-menu.php on line 275
[29-Nov-2024 16:17:41 UTC] PHP Notice:  Trying to get property 'link_after' of non-object in C:\xampp1\htdocs\INSOR\wp-includes\class-walker-nav-menu.php on line 275
[29-Nov-2024 16:17:41 UTC] PHP Notice:  Trying to get property 'after' of non-object in C:\xampp1\htdocs\INSOR\wp-includes\class-walker-nav-menu.php on line 277
[29-Nov-2024 16:17:41 UTC] PHP Notice:  Trying to get property 'before' of non-object in C:\xampp1\htdocs\INSOR\wp-includes\class-walker-nav-menu.php on line 273
[29-Nov-2024 16:17:41 UTC] PHP Notice:  Trying to get property 'link_before' of non-object in C:\xampp1\htdocs\INSOR\wp-includes\class-walker-nav-menu.php on line 275
[29-Nov-2024 16:17:41 UTC] PHP Notice:  Trying to get property 'link_after' of non-object in C:\xampp1\htdocs\INSOR\wp-includes\class-walker-nav-menu.php on line 275
[29-Nov-2024 16:17:41 UTC] PHP Notice:  Trying to get property 'after' of non-object in C:\xampp1\htdocs\INSOR\wp-includes\class-walker-nav-menu.php on line 277
[29-Nov-2024 16:17:41 UTC] PHP Notice:  Trying to get property 'before' of non-object in C:\xampp1\htdocs\INSOR\wp-includes\class-walker-nav-menu.php on line 273
[29-Nov-2024 16:17:41 UTC] PHP Notice:  Trying to get property 'link_before' of non-object in C:\xampp1\htdocs\INSOR\wp-includes\class-walker-nav-menu.php on line 275
[29-Nov-2024 16:17:41 UTC] PHP Notice:  Trying to get property 'link_after' of non-object in C:\xampp1\htdocs\INSOR\wp-includes\class-walker-nav-menu.php on line 275
[29-Nov-2024 16:17:41 UTC] PHP Notice:  Trying to get property 'after' of non-object in C:\xampp1\htdocs\INSOR\wp-includes\class-walker-nav-menu.php on line 277
[29-Nov-2024 16:17:41 UTC] PHP Notice:  Trying to get property 'before' of non-object in C:\xampp1\htdocs\INSOR\wp-includes\class-walker-nav-menu.php on line 273
[29-Nov-2024 16:17:41 UTC] PHP Notice:  Trying to get property 'link_before' of non-object in C:\xampp1\htdocs\INSOR\wp-includes\class-walker-nav-menu.php on line 275
[29-Nov-2024 16:17:41 UTC] PHP Notice:  Trying to get property 'link_after' of non-object in C:\xampp1\htdocs\INSOR\wp-includes\class-walker-nav-menu.php on line 275
[29-Nov-2024 16:17:41 UTC] PHP Notice:  Trying to get property 'after' of non-object in C:\xampp1\htdocs\INSOR\wp-includes\class-walker-nav-menu.php on line 277
[29-Nov-2024 16:17:41 UTC] PHP Notice:  Trying to get property 'before' of non-object in C:\xampp1\htdocs\INSOR\wp-includes\class-walker-nav-menu.php on line 273
[29-Nov-2024 16:17:41 UTC] PHP Notice:  Trying to get property 'link_before' of non-object in C:\xampp1\htdocs\INSOR\wp-includes\class-walker-nav-menu.php on line 275
[29-Nov-2024 16:17:41 UTC] PHP Notice:  Trying to get property 'link_after' of non-object in C:\xampp1\htdocs\INSOR\wp-includes\class-walker-nav-menu.php on line 275
[29-Nov-2024 16:17:41 UTC] PHP Notice:  Trying to get property 'after' of non-object in C:\xampp1\htdocs\INSOR\wp-includes\class-walker-nav-menu.php on line 277
[29-Nov-2024 16:17:41 UTC] PHP Notice:  Trying to get property 'before' of non-object in C:\xampp1\htdocs\INSOR\wp-includes\class-walker-nav-menu.php on line 273
[29-Nov-2024 16:17:41 UTC] PHP Notice:  Trying to get property 'link_before' of non-object in C:\xampp1\htdocs\INSOR\wp-includes\class-walker-nav-menu.php on line 275
[29-Nov-2024 16:17:41 UTC] PHP Notice:  Trying to get property 'link_after' of non-object in C:\xampp1\htdocs\INSOR\wp-includes\class-walker-nav-menu.php on line 275
[29-Nov-2024 16:17:41 UTC] PHP Notice:  Trying to get property 'after' of non-object in C:\xampp1\htdocs\INSOR\wp-includes\class-walker-nav-menu.php on line 277
[29-Nov-2024 16:17:41 UTC] PHP Notice:  Trying to get property 'before' of non-object in C:\xampp1\htdocs\INSOR\wp-includes\class-walker-nav-menu.php on line 273
[29-Nov-2024 16:17:41 UTC] PHP Notice:  Trying to get property 'link_before' of non-object in C:\xampp1\htdocs\INSOR\wp-includes\class-walker-nav-menu.php on line 275
[29-Nov-2024 16:17:41 UTC] PHP Notice:  Trying to get property 'link_after' of non-object in C:\xampp1\htdocs\INSOR\wp-includes\class-walker-nav-menu.php on line 275
[29-Nov-2024 16:17:41 UTC] PHP Notice:  Trying to get property 'after' of non-object in C:\xampp1\htdocs\INSOR\wp-includes\class-walker-nav-menu.php on line 277
[29-Nov-2024 16:17:41 UTC] PHP Notice:  Trying to get property 'before' of non-object in C:\xampp1\htdocs\INSOR\wp-includes\class-walker-nav-menu.php on line 273
[29-Nov-2024 16:17:41 UTC] PHP Notice:  Trying to get property 'link_before' of non-object in C:\xampp1\htdocs\INSOR\wp-includes\class-walker-nav-menu.php on line 275
[29-Nov-2024 16:17:41 UTC] PHP Notice:  Trying to get property 'link_after' of non-object in C:\xampp1\htdocs\INSOR\wp-includes\class-walker-nav-menu.php on line 275
[29-Nov-2024 16:17:41 UTC] PHP Notice:  Trying to get property 'after' of non-object in C:\xampp1\htdocs\INSOR\wp-includes\class-walker-nav-menu.php on line 277
[29-Nov-2024 16:17:41 UTC] PHP Notice:  Trying to get property 'before' of non-object in C:\xampp1\htdocs\INSOR\wp-includes\class-walker-nav-menu.php on line 273
[29-Nov-2024 16:17:41 UTC] PHP Notice:  Trying to get property 'link_before' of non-object in C:\xampp1\htdocs\INSOR\wp-includes\class-walker-nav-menu.php on line 275
[29-Nov-2024 16:17:41 UTC] PHP Notice:  Trying to get property 'link_after' of non-object in C:\xampp1\htdocs\INSOR\wp-includes\class-walker-nav-menu.php on line 275
[29-Nov-2024 16:17:41 UTC] PHP Notice:  Trying to get property 'after' of non-object in C:\xampp1\htdocs\INSOR\wp-includes\class-walker-nav-menu.php on line 277
[29-Nov-2024 16:17:41 UTC] PHP Notice:  Trying to get property 'before' of non-object in C:\xampp1\htdocs\INSOR\wp-includes\class-walker-nav-menu.php on line 273
[29-Nov-2024 16:17:41 UTC] PHP Notice:  Trying to get property 'link_before' of non-object in C:\xampp1\htdocs\INSOR\wp-includes\class-walker-nav-menu.php on line 275
[29-Nov-2024 16:17:41 UTC] PHP Notice:  Trying to get property 'link_after' of non-object in C:\xampp1\htdocs\INSOR\wp-includes\class-walker-nav-menu.php on line 275
[29-Nov-2024 16:17:41 UTC] PHP Notice:  Trying to get property 'after' of non-object in C:\xampp1\htdocs\INSOR\wp-includes\class-walker-nav-menu.php on line 277
[29-Nov-2024 16:17:41 UTC] PHP Notice:  Trying to get property 'before' of non-object in C:\xampp1\htdocs\INSOR\wp-includes\class-walker-nav-menu.php on line 273
[29-Nov-2024 16:17:41 UTC] PHP Notice:  Trying to get property 'link_before' of non-object in C:\xampp1\htdocs\INSOR\wp-includes\class-walker-nav-menu.php on line 275
[29-Nov-2024 16:17:41 UTC] PHP Notice:  Trying to get property 'link_after' of non-object in C:\xampp1\htdocs\INSOR\wp-includes\class-walker-nav-menu.php on line 275
[29-Nov-2024 16:17:41 UTC] PHP Notice:  Trying to get property 'after' of non-object in C:\xampp1\htdocs\INSOR\wp-includes\class-walker-nav-menu.php on line 277
[29-Nov-2024 16:17:41 UTC] PHP Notice:  Trying to get property 'before' of non-object in C:\xampp1\htdocs\INSOR\wp-includes\class-walker-nav-menu.php on line 273
[29-Nov-2024 16:17:41 UTC] PHP Notice:  Trying to get property 'link_before' of non-object in C:\xampp1\htdocs\INSOR\wp-includes\class-walker-nav-menu.php on line 275
[29-Nov-2024 16:17:41 UTC] PHP Notice:  Trying to get property 'link_after' of non-object in C:\xampp1\htdocs\INSOR\wp-includes\class-walker-nav-menu.php on line 275
[29-Nov-2024 16:17:41 UTC] PHP Notice:  Trying to get property 'after' of non-object in C:\xampp1\htdocs\INSOR\wp-includes\class-walker-nav-menu.php on line 277
[29-Nov-2024 16:17:41 UTC] PHP Notice:  Trying to get property 'before' of non-object in C:\xampp1\htdocs\INSOR\wp-includes\class-walker-nav-menu.php on line 273
[29-Nov-2024 16:17:41 UTC] PHP Notice:  Trying to get property 'link_before' of non-object in C:\xampp1\htdocs\INSOR\wp-includes\class-walker-nav-menu.php on line 275
[29-Nov-2024 16:17:41 UTC] PHP Notice:  Trying to get property 'link_after' of non-object in C:\xampp1\htdocs\INSOR\wp-includes\class-walker-nav-menu.php on line 275
[29-Nov-2024 16:17:41 UTC] PHP Notice:  Trying to get property 'after' of non-object in C:\xampp1\htdocs\INSOR\wp-includes\class-walker-nav-menu.php on line 277
[29-Nov-2024 16:17:41 UTC] PHP Notice:  Trying to get property 'before' of non-object in C:\xampp1\htdocs\INSOR\wp-includes\class-walker-nav-menu.php on line 273
[29-Nov-2024 16:17:41 UTC] PHP Notice:  Trying to get property 'link_before' of non-object in C:\xampp1\htdocs\INSOR\wp-includes\class-walker-nav-menu.php on line 275
[29-Nov-2024 16:17:41 UTC] PHP Notice:  Trying to get property 'link_after' of non-object in C:\xampp1\htdocs\INSOR\wp-includes\class-walker-nav-menu.php on line 275
[29-Nov-2024 16:17:41 UTC] PHP Notice:  Trying to get property 'after' of non-object in C:\xampp1\htdocs\INSOR\wp-includes\class-walker-nav-menu.php on line 277
[29-Nov-2024 16:17:41 UTC] PHP Notice:  Trying to get property 'before' of non-object in C:\xampp1\htdocs\INSOR\wp-includes\class-walker-nav-menu.php on line 273
[29-Nov-2024 16:17:41 UTC] PHP Notice:  Trying to get property 'link_before' of non-object in C:\xampp1\htdocs\INSOR\wp-includes\class-walker-nav-menu.php on line 275
[29-Nov-2024 16:17:41 UTC] PHP Notice:  Trying to get property 'link_after' of non-object in C:\xampp1\htdocs\INSOR\wp-includes\class-walker-nav-menu.php on line 275
[29-Nov-2024 16:17:41 UTC] PHP Notice:  Trying to get property 'after' of non-object in C:\xampp1\htdocs\INSOR\wp-includes\class-walker-nav-menu.php on line 277
[29-Nov-2024 16:17:41 UTC] PHP Notice:  Trying to get property 'before' of non-object in C:\xampp1\htdocs\INSOR\wp-includes\class-walker-nav-menu.php on line 273
[29-Nov-2024 16:17:41 UTC] PHP Notice:  Trying to get property 'link_before' of non-object in C:\xampp1\htdocs\INSOR\wp-includes\class-walker-nav-menu.php on line 275
[29-Nov-2024 16:17:41 UTC] PHP Notice:  Trying to get property 'link_after' of non-object in C:\xampp1\htdocs\INSOR\wp-includes\class-walker-nav-menu.php on line 275
[29-Nov-2024 16:17:41 UTC] PHP Notice:  Trying to get property 'after' of non-object in C:\xampp1\htdocs\INSOR\wp-includes\class-walker-nav-menu.php on line 277
[29-Nov-2024 16:17:41 UTC] PHP Notice:  Trying to get property 'before' of non-object in C:\xampp1\htdocs\INSOR\wp-includes\class-walker-nav-menu.php on line 273
[29-Nov-2024 16:17:41 UTC] PHP Notice:  Trying to get property 'link_before' of non-object in C:\xampp1\htdocs\INSOR\wp-includes\class-walker-nav-menu.php on line 275
[29-Nov-2024 16:17:41 UTC] PHP Notice:  Trying to get property 'link_after' of non-object in C:\xampp1\htdocs\INSOR\wp-includes\class-walker-nav-menu.php on line 275
[29-Nov-2024 16:17:41 UTC] PHP Notice:  Trying to get property 'after' of non-object in C:\xampp1\htdocs\INSOR\wp-includes\class-walker-nav-menu.php on line 277
[29-Nov-2024 16:17:41 UTC] PHP Notice:  Trying to get property 'before' of non-object in C:\xampp1\htdocs\INSOR\wp-includes\class-walker-nav-menu.php on line 273
[29-Nov-2024 16:17:41 UTC] PHP Notice:  Trying to get property 'link_before' of non-object in C:\xampp1\htdocs\INSOR\wp-includes\class-walker-nav-menu.php on line 275
[29-Nov-2024 16:17:41 UTC] PHP Notice:  Trying to get property 'link_after' of non-object in C:\xampp1\htdocs\INSOR\wp-includes\class-walker-nav-menu.php on line 275
[29-Nov-2024 16:17:41 UTC] PHP Notice:  Trying to get property 'after' of non-object in C:\xampp1\htdocs\INSOR\wp-includes\class-walker-nav-menu.php on line 277
[29-Nov-2024 16:17:41 UTC] PHP Notice:  Trying to get property 'before' of non-object in C:\xampp1\htdocs\INSOR\wp-includes\class-walker-nav-menu.php on line 273
[29-Nov-2024 16:17:41 UTC] PHP Notice:  Trying to get property 'link_before' of non-object in C:\xampp1\htdocs\INSOR\wp-includes\class-walker-nav-menu.php on line 275
[29-Nov-2024 16:17:41 UTC] PHP Notice:  Trying to get property 'link_after' of non-object in C:\xampp1\htdocs\INSOR\wp-includes\class-walker-nav-menu.php on line 275
[29-Nov-2024 16:17:41 UTC] PHP Notice:  Trying to get property 'after' of non-object in C:\xampp1\htdocs\INSOR\wp-includes\class-walker-nav-menu.php on line 277
[29-Nov-2024 16:17:41 UTC] PHP Notice:  Trying to get property 'before' of non-object in C:\xampp1\htdocs\INSOR\wp-includes\class-walker-nav-menu.php on line 273
[29-Nov-2024 16:17:41 UTC] PHP Notice:  Trying to get property 'link_before' of non-object in C:\xampp1\htdocs\INSOR\wp-includes\class-walker-nav-menu.php on line 275
[29-Nov-2024 16:17:41 UTC] PHP Notice:  Trying to get property 'link_after' of non-object in C:\xampp1\htdocs\INSOR\wp-includes\class-walker-nav-menu.php on line 275
[29-Nov-2024 16:17:41 UTC] PHP Notice:  Trying to get property 'after' of non-object in C:\xampp1\htdocs\INSOR\wp-includes\class-walker-nav-menu.php on line 277
[29-Nov-2024 16:17:41 UTC] PHP Notice:  Trying to get property 'before' of non-object in C:\xampp1\htdocs\INSOR\wp-includes\class-walker-nav-menu.php on line 273
[29-Nov-2024 16:17:41 UTC] PHP Notice:  Trying to get property 'link_before' of non-object in C:\xampp1\htdocs\INSOR\wp-includes\class-walker-nav-menu.php on line 275
[29-Nov-2024 16:17:41 UTC] PHP Notice:  Trying to get property 'link_after' of non-object in C:\xampp1\htdocs\INSOR\wp-includes\class-walker-nav-menu.php on line 275
[29-Nov-2024 16:17:41 UTC] PHP Notice:  Trying to get property 'after' of non-object in C:\xampp1\htdocs\INSOR\wp-includes\class-walker-nav-menu.php on line 277
[29-Nov-2024 16:17:41 UTC] PHP Notice:  Trying to get property 'before' of non-object in C:\xampp1\htdocs\INSOR\wp-includes\class-walker-nav-menu.php on line 273
[29-Nov-2024 16:17:41 UTC] PHP Notice:  Trying to get property 'link_before' of non-object in C:\xampp1\htdocs\INSOR\wp-includes\class-walker-nav-menu.php on line 275
[29-Nov-2024 16:17:41 UTC] PHP Notice:  Trying to get property 'link_after' of non-object in C:\xampp1\htdocs\INSOR\wp-includes\class-walker-nav-menu.php on line 275
[29-Nov-2024 16:17:41 UTC] PHP Notice:  Trying to get property 'after' of non-object in C:\xampp1\htdocs\INSOR\wp-includes\class-walker-nav-menu.php on line 277
[29-Nov-2024 16:17:41 UTC] PHP Notice:  Trying to get property 'before' of non-object in C:\xampp1\htdocs\INSOR\wp-includes\class-walker-nav-menu.php on line 273
[29-Nov-2024 16:17:41 UTC] PHP Notice:  Trying to get property 'link_before' of non-object in C:\xampp1\htdocs\INSOR\wp-includes\class-walker-nav-menu.php on line 275
[29-Nov-2024 16:17:41 UTC] PHP Notice:  Trying to get property 'link_after' of non-object in C:\xampp1\htdocs\INSOR\wp-includes\class-walker-nav-menu.php on line 275
[29-Nov-2024 16:17:41 UTC] PHP Notice:  Trying to get property 'after' of non-object in C:\xampp1\htdocs\INSOR\wp-includes\class-walker-nav-menu.php on line 277
[29-Nov-2024 16:17:41 UTC] PHP Notice:  Trying to get property 'before' of non-object in C:\xampp1\htdocs\INSOR\wp-includes\class-walker-nav-menu.php on line 273
[29-Nov-2024 16:17:41 UTC] PHP Notice:  Trying to get property 'link_before' of non-object in C:\xampp1\htdocs\INSOR\wp-includes\class-walker-nav-menu.php on line 275
[29-Nov-2024 16:17:41 UTC] PHP Notice:  Trying to get property 'link_after' of non-object in C:\xampp1\htdocs\INSOR\wp-includes\class-walker-nav-menu.php on line 275
[29-Nov-2024 16:17:41 UTC] PHP Notice:  Trying to get property 'after' of non-object in C:\xampp1\htdocs\INSOR\wp-includes\class-walker-nav-menu.php on line 277
[29-Nov-2024 16:17:41 UTC] PHP Notice:  Trying to get property 'before' of non-object in C:\xampp1\htdocs\INSOR\wp-includes\class-walker-nav-menu.php on line 273
[29-Nov-2024 16:17:41 UTC] PHP Notice:  Trying to get property 'link_before' of non-object in C:\xampp1\htdocs\INSOR\wp-includes\class-walker-nav-menu.php on line 275
[29-Nov-2024 16:17:41 UTC] PHP Notice:  Trying to get property 'link_after' of non-object in C:\xampp1\htdocs\INSOR\wp-includes\class-walker-nav-menu.php on line 275
[29-Nov-2024 16:17:41 UTC] PHP Notice:  Trying to get property 'after' of non-object in C:\xampp1\htdocs\INSOR\wp-includes\class-walker-nav-menu.php on line 277
[29-Nov-2024 16:17:41 UTC] PHP Notice:  Trying to get property 'before' of non-object in C:\xampp1\htdocs\INSOR\wp-includes\class-walker-nav-menu.php on line 273
[29-Nov-2024 16:17:41 UTC] PHP Notice:  Trying to get property 'link_before' of non-object in C:\xampp1\htdocs\INSOR\wp-includes\class-walker-nav-menu.php on line 275
[29-Nov-2024 16:17:41 UTC] PHP Notice:  Trying to get property 'link_after' of non-object in C:\xampp1\htdocs\INSOR\wp-includes\class-walker-nav-menu.php on line 275
[29-Nov-2024 16:17:41 UTC] PHP Notice:  Trying to get property 'after' of non-object in C:\xampp1\htdocs\INSOR\wp-includes\class-walker-nav-menu.php on line 277
[29-Nov-2024 16:17:41 UTC] PHP Notice:  Trying to get property 'before' of non-object in C:\xampp1\htdocs\INSOR\wp-includes\class-walker-nav-menu.php on line 273
[29-Nov-2024 16:17:41 UTC] PHP Notice:  Trying to get property 'link_before' of non-object in C:\xampp1\htdocs\INSOR\wp-includes\class-walker-nav-menu.php on line 275
[29-Nov-2024 16:17:41 UTC] PHP Notice:  Trying to get property 'link_after' of non-object in C:\xampp1\htdocs\INSOR\wp-includes\class-walker-nav-menu.php on line 275
[29-Nov-2024 16:17:41 UTC] PHP Notice:  Trying to get property 'after' of non-object in C:\xampp1\htdocs\INSOR\wp-includes\class-walker-nav-menu.php on line 277
[29-Nov-2024 16:17:41 UTC] PHP Notice:  Trying to get property 'before' of non-object in C:\xampp1\htdocs\INSOR\wp-includes\class-walker-nav-menu.php on line 273
[29-Nov-2024 16:17:41 UTC] PHP Notice:  Trying to get property 'link_before' of non-object in C:\xampp1\htdocs\INSOR\wp-includes\class-walker-nav-menu.php on line 275
[29-Nov-2024 16:17:41 UTC] PHP Notice:  Trying to get property 'link_after' of non-object in C:\xampp1\htdocs\INSOR\wp-includes\class-walker-nav-menu.php on line 275
[29-Nov-2024 16:17:41 UTC] PHP Notice:  Trying to get property 'after' of non-object in C:\xampp1\htdocs\INSOR\wp-includes\class-walker-nav-menu.php on line 277
[29-Nov-2024 16:17:41 UTC] PHP Notice:  Trying to get property 'before' of non-object in C:\xampp1\htdocs\INSOR\wp-includes\class-walker-nav-menu.php on line 273
[29-Nov-2024 16:17:41 UTC] PHP Notice:  Trying to get property 'link_before' of non-object in C:\xampp1\htdocs\INSOR\wp-includes\class-walker-nav-menu.php on line 275
[29-Nov-2024 16:17:41 UTC] PHP Notice:  Trying to get property 'link_after' of non-object in C:\xampp1\htdocs\INSOR\wp-includes\class-walker-nav-menu.php on line 275
[29-Nov-2024 16:17:41 UTC] PHP Notice:  Trying to get property 'after' of non-object in C:\xampp1\htdocs\INSOR\wp-includes\class-walker-nav-menu.php on line 277
[29-Nov-2024 16:17:41 UTC] PHP Notice:  Trying to get property 'before' of non-object in C:\xampp1\htdocs\INSOR\wp-includes\class-walker-nav-menu.php on line 273
[29-Nov-2024 16:17:41 UTC] PHP Notice:  Trying to get property 'link_before' of non-object in C:\xampp1\htdocs\INSOR\wp-includes\class-walker-nav-menu.php on line 275
[29-Nov-2024 16:17:41 UTC] PHP Notice:  Trying to get property 'link_after' of non-object in C:\xampp1\htdocs\INSOR\wp-includes\class-walker-nav-menu.php on line 275
[29-Nov-2024 16:17:41 UTC] PHP Notice:  Trying to get property 'after' of non-object in C:\xampp1\htdocs\INSOR\wp-includes\class-walker-nav-menu.php on line 277
[29-Nov-2024 16:17:41 UTC] PHP Notice:  Trying to get property 'before' of non-object in C:\xampp1\htdocs\INSOR\wp-includes\class-walker-nav-menu.php on line 273
[29-Nov-2024 16:17:41 UTC] PHP Notice:  Trying to get property 'link_before' of non-object in C:\xampp1\htdocs\INSOR\wp-includes\class-walker-nav-menu.php on line 275
[29-Nov-2024 16:17:41 UTC] PHP Notice:  Trying to get property 'link_after' of non-object in C:\xampp1\htdocs\INSOR\wp-includes\class-walker-nav-menu.php on line 275
[29-Nov-2024 16:17:41 UTC] PHP Notice:  Trying to get property 'after' of non-object in C:\xampp1\htdocs\INSOR\wp-includes\class-walker-nav-menu.php on line 277
[29-Nov-2024 16:17:41 UTC] PHP Notice:  Trying to get property 'before' of non-object in C:\xampp1\htdocs\INSOR\wp-includes\class-walker-nav-menu.php on line 273
[29-Nov-2024 16:17:41 UTC] PHP Notice:  Trying to get property 'link_before' of non-object in C:\xampp1\htdocs\INSOR\wp-includes\class-walker-nav-menu.php on line 275
[29-Nov-2024 16:17:41 UTC] PHP Notice:  Trying to get property 'link_after' of non-object in C:\xampp1\htdocs\INSOR\wp-includes\class-walker-nav-menu.php on line 275
[29-Nov-2024 16:17:41 UTC] PHP Notice:  Trying to get property 'after' of non-object in C:\xampp1\htdocs\INSOR\wp-includes\class-walker-nav-menu.php on line 277
[29-Nov-2024 16:17:41 UTC] PHP Notice:  Trying to get property 'before' of non-object in C:\xampp1\htdocs\INSOR\wp-includes\class-walker-nav-menu.php on line 273
[29-Nov-2024 16:17:41 UTC] PHP Notice:  Trying to get property 'link_before' of non-object in C:\xampp1\htdocs\INSOR\wp-includes\class-walker-nav-menu.php on line 275
[29-Nov-2024 16:17:41 UTC] PHP Notice:  Trying to get property 'link_after' of non-object in C:\xampp1\htdocs\INSOR\wp-includes\class-walker-nav-menu.php on line 275
[29-Nov-2024 16:17:41 UTC] PHP Notice:  Trying to get property 'after' of non-object in C:\xampp1\htdocs\INSOR\wp-includes\class-walker-nav-menu.php on line 277
[29-Nov-2024 16:17:41 UTC] PHP Notice:  Trying to get property 'before' of non-object in C:\xampp1\htdocs\INSOR\wp-includes\class-walker-nav-menu.php on line 273
[29-Nov-2024 16:17:41 UTC] PHP Notice:  Trying to get property 'link_before' of non-object in C:\xampp1\htdocs\INSOR\wp-includes\class-walker-nav-menu.php on line 275
[29-Nov-2024 16:17:41 UTC] PHP Notice:  Trying to get property 'link_after' of non-object in C:\xampp1\htdocs\INSOR\wp-includes\class-walker-nav-menu.php on line 275
[29-Nov-2024 16:17:41 UTC] PHP Notice:  Trying to get property 'after' of non-object in C:\xampp1\htdocs\INSOR\wp-includes\class-walker-nav-menu.php on line 277
[29-Nov-2024 16:17:41 UTC] PHP Notice:  Trying to get property 'before' of non-object in C:\xampp1\htdocs\INSOR\wp-includes\class-walker-nav-menu.php on line 273
[29-Nov-2024 16:17:41 UTC] PHP Notice:  Trying to get property 'link_before' of non-object in C:\xampp1\htdocs\INSOR\wp-includes\class-walker-nav-menu.php on line 275
[29-Nov-2024 16:17:41 UTC] PHP Notice:  Trying to get property 'link_after' of non-object in C:\xampp1\htdocs\INSOR\wp-includes\class-walker-nav-menu.php on line 275
[29-Nov-2024 16:17:41 UTC] PHP Notice:  Trying to get property 'after' of non-object in C:\xampp1\htdocs\INSOR\wp-includes\class-walker-nav-menu.php on line 277
[29-Nov-2024 16:17:41 UTC] PHP Notice:  Trying to get property 'before' of non-object in C:\xampp1\htdocs\INSOR\wp-includes\class-walker-nav-menu.php on line 273
[29-Nov-2024 16:17:41 UTC] PHP Notice:  Trying to get property 'link_before' of non-object in C:\xampp1\htdocs\INSOR\wp-includes\class-walker-nav-menu.php on line 275
[29-Nov-2024 16:17:41 UTC] PHP Notice:  Trying to get property 'link_after' of non-object in C:\xampp1\htdocs\INSOR\wp-includes\class-walker-nav-menu.php on line 275
[29-Nov-2024 16:17:41 UTC] PHP Notice:  Trying to get property 'after' of non-object in C:\xampp1\htdocs\INSOR\wp-includes\class-walker-nav-menu.php on line 277
[29-Nov-2024 16:17:41 UTC] PHP Notice:  Trying to get property 'before' of non-object in C:\xampp1\htdocs\INSOR\wp-includes\class-walker-nav-menu.php on line 273
[29-Nov-2024 16:17:41 UTC] PHP Notice:  Trying to get property 'link_before' of non-object in C:\xampp1\htdocs\INSOR\wp-includes\class-walker-nav-menu.php on line 275
[29-Nov-2024 16:17:41 UTC] PHP Notice:  Trying to get property 'link_after' of non-object in C:\xampp1\htdocs\INSOR\wp-includes\class-walker-nav-menu.php on line 275
[29-Nov-2024 16:17:41 UTC] PHP Notice:  Trying to get property 'after' of non-object in C:\xampp1\htdocs\INSOR\wp-includes\class-walker-nav-menu.php on line 277
[29-Nov-2024 16:17:41 UTC] PHP Notice:  Trying to get property 'before' of non-object in C:\xampp1\htdocs\INSOR\wp-includes\class-walker-nav-menu.php on line 273
[29-Nov-2024 16:17:41 UTC] PHP Notice:  Trying to get property 'link_before' of non-object in C:\xampp1\htdocs\INSOR\wp-includes\class-walker-nav-menu.php on line 275
[29-Nov-2024 16:17:41 UTC] PHP Notice:  Trying to get property 'link_after' of non-object in C:\xampp1\htdocs\INSOR\wp-includes\class-walker-nav-menu.php on line 275
[29-Nov-2024 16:17:41 UTC] PHP Notice:  Trying to get property 'after' of non-object in C:\xampp1\htdocs\INSOR\wp-includes\class-walker-nav-menu.php on line 277
[29-Nov-2024 16:17:41 UTC] PHP Notice:  Trying to get property 'before' of non-object in C:\xampp1\htdocs\INSOR\wp-includes\class-walker-nav-menu.php on line 273
[29-Nov-2024 16:17:41 UTC] PHP Notice:  Trying to get property 'link_before' of non-object in C:\xampp1\htdocs\INSOR\wp-includes\class-walker-nav-menu.php on line 275
[29-Nov-2024 16:17:41 UTC] PHP Notice:  Trying to get property 'link_after' of non-object in C:\xampp1\htdocs\INSOR\wp-includes\class-walker-nav-menu.php on line 275
[29-Nov-2024 16:17:41 UTC] PHP Notice:  Trying to get property 'after' of non-object in C:\xampp1\htdocs\INSOR\wp-includes\class-walker-nav-menu.php on line 277
[29-Nov-2024 16:17:41 UTC] PHP Notice:  Trying to get property 'before' of non-object in C:\xampp1\htdocs\INSOR\wp-includes\class-walker-nav-menu.php on line 273
[29-Nov-2024 16:17:41 UTC] PHP Notice:  Trying to get property 'link_before' of non-object in C:\xampp1\htdocs\INSOR\wp-includes\class-walker-nav-menu.php on line 275
[29-Nov-2024 16:17:41 UTC] PHP Notice:  Trying to get property 'link_after' of non-object in C:\xampp1\htdocs\INSOR\wp-includes\class-walker-nav-menu.php on line 275
[29-Nov-2024 16:17:41 UTC] PHP Notice:  Trying to get property 'after' of non-object in C:\xampp1\htdocs\INSOR\wp-includes\class-walker-nav-menu.php on line 277
[29-Nov-2024 16:17:41 UTC] PHP Notice:  Trying to get property 'before' of non-object in C:\xampp1\htdocs\INSOR\wp-includes\class-walker-nav-menu.php on line 273
[29-Nov-2024 16:17:41 UTC] PHP Notice:  Trying to get property 'link_before' of non-object in C:\xampp1\htdocs\INSOR\wp-includes\class-walker-nav-menu.php on line 275
[29-Nov-2024 16:17:41 UTC] PHP Notice:  Trying to get property 'link_after' of non-object in C:\xampp1\htdocs\INSOR\wp-includes\class-walker-nav-menu.php on line 275
[29-Nov-2024 16:17:41 UTC] PHP Notice:  Trying to get property 'after' of non-object in C:\xampp1\htdocs\INSOR\wp-includes\class-walker-nav-menu.php on line 277
[29-Nov-2024 16:17:41 UTC] PHP Notice:  Trying to get property 'before' of non-object in C:\xampp1\htdocs\INSOR\wp-includes\class-walker-nav-menu.php on line 273
[29-Nov-2024 16:17:41 UTC] PHP Notice:  Trying to get property 'link_before' of non-object in C:\xampp1\htdocs\INSOR\wp-includes\class-walker-nav-menu.php on line 275
[29-Nov-2024 16:17:41 UTC] PHP Notice:  Trying to get property 'link_after' of non-object in C:\xampp1\htdocs\INSOR\wp-includes\class-walker-nav-menu.php on line 275
[29-Nov-2024 16:17:41 UTC] PHP Notice:  Trying to get property 'after' of non-object in C:\xampp1\htdocs\INSOR\wp-includes\class-walker-nav-menu.php on line 277
[29-Nov-2024 16:17:41 UTC] PHP Notice:  Trying to get property 'before' of non-object in C:\xampp1\htdocs\INSOR\wp-includes\class-walker-nav-menu.php on line 273
[29-Nov-2024 16:17:41 UTC] PHP Notice:  Trying to get property 'link_before' of non-object in C:\xampp1\htdocs\INSOR\wp-includes\class-walker-nav-menu.php on line 275
[29-Nov-2024 16:17:41 UTC] PHP Notice:  Trying to get property 'link_after' of non-object in C:\xampp1\htdocs\INSOR\wp-includes\class-walker-nav-menu.php on line 275
[29-Nov-2024 16:17:41 UTC] PHP Notice:  Trying to get property 'after' of non-object in C:\xampp1\htdocs\INSOR\wp-includes\class-walker-nav-menu.php on line 277
[29-Nov-2024 16:17:41 UTC] PHP Notice:  Trying to get property 'before' of non-object in C:\xampp1\htdocs\INSOR\wp-includes\class-walker-nav-menu.php on line 273
[29-Nov-2024 16:17:41 UTC] PHP Notice:  Trying to get property 'link_before' of non-object in C:\xampp1\htdocs\INSOR\wp-includes\class-walker-nav-menu.php on line 275
[29-Nov-2024 16:17:41 UTC] PHP Notice:  Trying to get property 'link_after' of non-object in C:\xampp1\htdocs\INSOR\wp-includes\class-walker-nav-menu.php on line 275
[29-Nov-2024 16:17:41 UTC] PHP Notice:  Trying to get property 'after' of non-object in C:\xampp1\htdocs\INSOR\wp-includes\class-walker-nav-menu.php on line 277
[29-Nov-2024 16:17:41 UTC] PHP Notice:  Trying to get property 'before' of non-object in C:\xampp1\htdocs\INSOR\wp-includes\class-walker-nav-menu.php on line 273
[29-Nov-2024 16:17:41 UTC] PHP Notice:  Trying to get property 'link_before' of non-object in C:\xampp1\htdocs\INSOR\wp-includes\class-walker-nav-menu.php on line 275
[29-Nov-2024 16:17:41 UTC] PHP Notice:  Trying to get property 'link_after' of non-object in C:\xampp1\htdocs\INSOR\wp-includes\class-walker-nav-menu.php on line 275
[29-Nov-2024 16:17:41 UTC] PHP Notice:  Trying to get property 'after' of non-object in C:\xampp1\htdocs\INSOR\wp-includes\class-walker-nav-menu.php on line 277
[29-Nov-2024 16:17:41 UTC] PHP Notice:  Trying to get property 'before' of non-object in C:\xampp1\htdocs\INSOR\wp-includes\class-walker-nav-menu.php on line 273
[29-Nov-2024 16:17:41 UTC] PHP Notice:  Trying to get property 'link_before' of non-object in C:\xampp1\htdocs\INSOR\wp-includes\class-walker-nav-menu.php on line 275
[29-Nov-2024 16:17:41 UTC] PHP Notice:  Trying to get property 'link_after' of non-object in C:\xampp1\htdocs\INSOR\wp-includes\class-walker-nav-menu.php on line 275
[29-Nov-2024 16:17:41 UTC] PHP Notice:  Trying to get property 'after' of non-object in C:\xampp1\htdocs\INSOR\wp-includes\class-walker-nav-menu.php on line 277
[29-Nov-2024 16:17:41 UTC] PHP Notice:  Trying to get property 'before' of non-object in C:\xampp1\htdocs\INSOR\wp-includes\class-walker-nav-menu.php on line 273
[29-Nov-2024 16:17:41 UTC] PHP Notice:  Trying to get property 'link_before' of non-object in C:\xampp1\htdocs\INSOR\wp-includes\class-walker-nav-menu.php on line 275
[29-Nov-2024 16:17:41 UTC] PHP Notice:  Trying to get property 'link_after' of non-object in C:\xampp1\htdocs\INSOR\wp-includes\class-walker-nav-menu.php on line 275
[29-Nov-2024 16:17:41 UTC] PHP Notice:  Trying to get property 'after' of non-object in C:\xampp1\htdocs\INSOR\wp-includes\class-walker-nav-menu.php on line 277
[29-Nov-2024 16:17:41 UTC] PHP Notice:  Trying to get property 'before' of non-object in C:\xampp1\htdocs\INSOR\wp-includes\class-walker-nav-menu.php on line 273
[29-Nov-2024 16:17:41 UTC] PHP Notice:  Trying to get property 'link_before' of non-object in C:\xampp1\htdocs\INSOR\wp-includes\class-walker-nav-menu.php on line 275
[29-Nov-2024 16:17:41 UTC] PHP Notice:  Trying to get property 'link_after' of non-object in C:\xampp1\htdocs\INSOR\wp-includes\class-walker-nav-menu.php on line 275
[29-Nov-2024 16:17:41 UTC] PHP Notice:  Trying to get property 'after' of non-object in C:\xampp1\htdocs\INSOR\wp-includes\class-walker-nav-menu.php on line 277
[29-Nov-2024 16:17:41 UTC] PHP Notice:  Trying to get property 'before' of non-object in C:\xampp1\htdocs\INSOR\wp-includes\class-walker-nav-menu.php on line 273
[29-Nov-2024 16:17:41 UTC] PHP Notice:  Trying to get property 'link_before' of non-object in C:\xampp1\htdocs\INSOR\wp-includes\class-walker-nav-menu.php on line 275
[29-Nov-2024 16:17:41 UTC] PHP Notice:  Trying to get property 'link_after' of non-object in C:\xampp1\htdocs\INSOR\wp-includes\class-walker-nav-menu.php on line 275
[29-Nov-2024 16:17:41 UTC] PHP Notice:  Trying to get property 'after' of non-object in C:\xampp1\htdocs\INSOR\wp-includes\class-walker-nav-menu.php on line 277
[29-Nov-2024 16:17:41 UTC] PHP Notice:  Trying to get property 'before' of non-object in C:\xampp1\htdocs\INSOR\wp-includes\class-walker-nav-menu.php on line 273
[29-Nov-2024 16:17:41 UTC] PHP Notice:  Trying to get property 'link_before' of non-object in C:\xampp1\htdocs\INSOR\wp-includes\class-walker-nav-menu.php on line 275
[29-Nov-2024 16:17:41 UTC] PHP Notice:  Trying to get property 'link_after' of non-object in C:\xampp1\htdocs\INSOR\wp-includes\class-walker-nav-menu.php on line 275
[29-Nov-2024 16:17:41 UTC] PHP Notice:  Trying to get property 'after' of non-object in C:\xampp1\htdocs\INSOR\wp-includes\class-walker-nav-menu.php on line 277
[29-Nov-2024 16:17:41 UTC] PHP Notice:  Trying to get property 'before' of non-object in C:\xampp1\htdocs\INSOR\wp-includes\class-walker-nav-menu.php on line 273
[29-Nov-2024 16:17:41 UTC] PHP Notice:  Trying to get property 'link_before' of non-object in C:\xampp1\htdocs\INSOR\wp-includes\class-walker-nav-menu.php on line 275
[29-Nov-2024 16:17:41 UTC] PHP Notice:  Trying to get property 'link_after' of non-object in C:\xampp1\htdocs\INSOR\wp-includes\class-walker-nav-menu.php on line 275
[29-Nov-2024 16:17:41 UTC] PHP Notice:  Trying to get property 'after' of non-object in C:\xampp1\htdocs\INSOR\wp-includes\class-walker-nav-menu.php on line 277
[29-Nov-2024 16:17:41 UTC] PHP Notice:  Trying to get property 'before' of non-object in C:\xampp1\htdocs\INSOR\wp-includes\class-walker-nav-menu.php on line 273
[29-Nov-2024 16:17:41 UTC] PHP Notice:  Trying to get property 'link_before' of non-object in C:\xampp1\htdocs\INSOR\wp-includes\class-walker-nav-menu.php on line 275
[29-Nov-2024 16:17:41 UTC] PHP Notice:  Trying to get property 'link_after' of non-object in C:\xampp1\htdocs\INSOR\wp-includes\class-walker-nav-menu.php on line 275
[29-Nov-2024 16:17:41 UTC] PHP Notice:  Trying to get property 'after' of non-object in C:\xampp1\htdocs\INSOR\wp-includes\class-walker-nav-menu.php on line 277
[29-Nov-2024 16:17:41 UTC] PHP Notice:  Trying to get property 'before' of non-object in C:\xampp1\htdocs\INSOR\wp-includes\class-walker-nav-menu.php on line 273
[29-Nov-2024 16:17:41 UTC] PHP Notice:  Trying to get property 'link_before' of non-object in C:\xampp1\htdocs\INSOR\wp-includes\class-walker-nav-menu.php on line 275
[29-Nov-2024 16:17:41 UTC] PHP Notice:  Trying to get property 'link_after' of non-object in C:\xampp1\htdocs\INSOR\wp-includes\class-walker-nav-menu.php on line 275
[29-Nov-2024 16:17:41 UTC] PHP Notice:  Trying to get property 'after' of non-object in C:\xampp1\htdocs\INSOR\wp-includes\class-walker-nav-menu.php on line 277
[29-Nov-2024 16:17:41 UTC] PHP Notice:  Trying to get property 'before' of non-object in C:\xampp1\htdocs\INSOR\wp-includes\class-walker-nav-menu.php on line 273
[29-Nov-2024 16:17:41 UTC] PHP Notice:  Trying to get property 'link_before' of non-object in C:\xampp1\htdocs\INSOR\wp-includes\class-walker-nav-menu.php on line 275
[29-Nov-2024 16:17:41 UTC] PHP Notice:  Trying to get property 'link_after' of non-object in C:\xampp1\htdocs\INSOR\wp-includes\class-walker-nav-menu.php on line 275
[29-Nov-2024 16:17:41 UTC] PHP Notice:  Trying to get property 'after' of non-object in C:\xampp1\htdocs\INSOR\wp-includes\class-walker-nav-menu.php on line 277
[29-Nov-2024 16:17:41 UTC] PHP Notice:  Trying to get property 'before' of non-object in C:\xampp1\htdocs\INSOR\wp-includes\class-walker-nav-menu.php on line 273
[29-Nov-2024 16:17:41 UTC] PHP Notice:  Trying to get property 'link_before' of non-object in C:\xampp1\htdocs\INSOR\wp-includes\class-walker-nav-menu.php on line 275
[29-Nov-2024 16:17:41 UTC] PHP Notice:  Trying to get property 'link_after' of non-object in C:\xampp1\htdocs\INSOR\wp-includes\class-walker-nav-menu.php on line 275
[29-Nov-2024 16:17:41 UTC] PHP Notice:  Trying to get property 'after' of non-object in C:\xampp1\htdocs\INSOR\wp-includes\class-walker-nav-menu.php on line 277
[29-Nov-2024 16:17:41 UTC] PHP Notice:  Trying to get property 'before' of non-object in C:\xampp1\htdocs\INSOR\wp-includes\class-walker-nav-menu.php on line 273
[29-Nov-2024 16:17:41 UTC] PHP Notice:  Trying to get property 'link_before' of non-object in C:\xampp1\htdocs\INSOR\wp-includes\class-walker-nav-menu.php on line 275
[29-Nov-2024 16:17:41 UTC] PHP Notice:  Trying to get property 'link_after' of non-object in C:\xampp1\htdocs\INSOR\wp-includes\class-walker-nav-menu.php on line 275
[29-Nov-2024 16:17:41 UTC] PHP Notice:  Trying to get property 'after' of non-object in C:\xampp1\htdocs\INSOR\wp-includes\class-walker-nav-menu.php on line 277
[29-Nov-2024 16:17:41 UTC] PHP Notice:  Trying to get property 'before' of non-object in C:\xampp1\htdocs\INSOR\wp-includes\class-walker-nav-menu.php on line 273
[29-Nov-2024 16:17:41 UTC] PHP Notice:  Trying to get property 'link_before' of non-object in C:\xampp1\htdocs\INSOR\wp-includes\class-walker-nav-menu.php on line 275
[29-Nov-2024 16:17:41 UTC] PHP Notice:  Trying to get property 'link_after' of non-object in C:\xampp1\htdocs\INSOR\wp-includes\class-walker-nav-menu.php on line 275
[29-Nov-2024 16:17:41 UTC] PHP Notice:  Trying to get property 'after' of non-object in C:\xampp1\htdocs\INSOR\wp-includes\class-walker-nav-menu.php on line 277
[29-Nov-2024 16:17:41 UTC] PHP Notice:  Trying to get property 'before' of non-object in C:\xampp1\htdocs\INSOR\wp-includes\class-walker-nav-menu.php on line 273
[29-Nov-2024 16:17:41 UTC] PHP Notice:  Trying to get property 'link_before' of non-object in C:\xampp1\htdocs\INSOR\wp-includes\class-walker-nav-menu.php on line 275
[29-Nov-2024 16:17:41 UTC] PHP Notice:  Trying to get property 'link_after' of non-object in C:\xampp1\htdocs\INSOR\wp-includes\class-walker-nav-menu.php on line 275
[29-Nov-2024 16:17:41 UTC] PHP Notice:  Trying to get property 'after' of non-object in C:\xampp1\htdocs\INSOR\wp-includes\class-walker-nav-menu.php on line 277
[29-Nov-2024 16:17:41 UTC] PHP Notice:  Trying to get property 'before' of non-object in C:\xampp1\htdocs\INSOR\wp-includes\class-walker-nav-menu.php on line 273
[29-Nov-2024 16:17:41 UTC] PHP Notice:  Trying to get property 'link_before' of non-object in C:\xampp1\htdocs\INSOR\wp-includes\class-walker-nav-menu.php on line 275
[29-Nov-2024 16:17:41 UTC] PHP Notice:  Trying to get property 'link_after' of non-object in C:\xampp1\htdocs\INSOR\wp-includes\class-walker-nav-menu.php on line 275
[29-Nov-2024 16:17:41 UTC] PHP Notice:  Trying to get property 'after' of non-object in C:\xampp1\htdocs\INSOR\wp-includes\class-walker-nav-menu.php on line 277
[29-Nov-2024 16:17:41 UTC] PHP Notice:  Trying to get property 'before' of non-object in C:\xampp1\htdocs\INSOR\wp-includes\class-walker-nav-menu.php on line 273
[29-Nov-2024 16:17:41 UTC] PHP Notice:  Trying to get property 'link_before' of non-object in C:\xampp1\htdocs\INSOR\wp-includes\class-walker-nav-menu.php on line 275
[29-Nov-2024 16:17:41 UTC] PHP Notice:  Trying to get property 'link_after' of non-object in C:\xampp1\htdocs\INSOR\wp-includes\class-walker-nav-menu.php on line 275
[29-Nov-2024 16:17:41 UTC] PHP Notice:  Trying to get property 'after' of non-object in C:\xampp1\htdocs\INSOR\wp-includes\class-walker-nav-menu.php on line 277
[29-Nov-2024 16:17:41 UTC] PHP Notice:  Trying to get property 'before' of non-object in C:\xampp1\htdocs\INSOR\wp-includes\class-walker-nav-menu.php on line 273
[29-Nov-2024 16:17:41 UTC] PHP Notice:  Trying to get property 'link_before' of non-object in C:\xampp1\htdocs\INSOR\wp-includes\class-walker-nav-menu.php on line 275
[29-Nov-2024 16:17:41 UTC] PHP Notice:  Trying to get property 'link_after' of non-object in C:\xampp1\htdocs\INSOR\wp-includes\class-walker-nav-menu.php on line 275
[29-Nov-2024 16:17:41 UTC] PHP Notice:  Trying to get property 'after' of non-object in C:\xampp1\htdocs\INSOR\wp-includes\class-walker-nav-menu.php on line 277
[29-Nov-2024 16:17:41 UTC] PHP Notice:  Trying to get property 'before' of non-object in C:\xampp1\htdocs\INSOR\wp-includes\class-walker-nav-menu.php on line 273
[29-Nov-2024 16:17:41 UTC] PHP Notice:  Trying to get property 'link_before' of non-object in C:\xampp1\htdocs\INSOR\wp-includes\class-walker-nav-menu.php on line 275
[29-Nov-2024 16:17:41 UTC] PHP Notice:  Trying to get property 'link_after' of non-object in C:\xampp1\htdocs\INSOR\wp-includes\class-walker-nav-menu.php on line 275
[29-Nov-2024 16:17:41 UTC] PHP Notice:  Trying to get property 'after' of non-object in C:\xampp1\htdocs\INSOR\wp-includes\class-walker-nav-menu.php on line 277
[29-Nov-2024 16:17:41 UTC] PHP Notice:  Trying to get property 'before' of non-object in C:\xampp1\htdocs\INSOR\wp-includes\class-walker-nav-menu.php on line 273
[29-Nov-2024 16:17:41 UTC] PHP Notice:  Trying to get property 'link_before' of non-object in C:\xampp1\htdocs\INSOR\wp-includes\class-walker-nav-menu.php on line 275
[29-Nov-2024 16:17:41 UTC] PHP Notice:  Trying to get property 'link_after' of non-object in C:\xampp1\htdocs\INSOR\wp-includes\class-walker-nav-menu.php on line 275
[29-Nov-2024 16:17:41 UTC] PHP Notice:  Trying to get property 'after' of non-object in C:\xampp1\htdocs\INSOR\wp-includes\class-walker-nav-menu.php on line 277
[29-Nov-2024 16:17:41 UTC] PHP Notice:  Trying to get property 'before' of non-object in C:\xampp1\htdocs\INSOR\wp-includes\class-walker-nav-menu.php on line 273
[29-Nov-2024 16:17:41 UTC] PHP Notice:  Trying to get property 'link_before' of non-object in C:\xampp1\htdocs\INSOR\wp-includes\class-walker-nav-menu.php on line 275
[29-Nov-2024 16:17:41 UTC] PHP Notice:  Trying to get property 'link_after' of non-object in C:\xampp1\htdocs\INSOR\wp-includes\class-walker-nav-menu.php on line 275
[29-Nov-2024 16:17:41 UTC] PHP Notice:  Trying to get property 'after' of non-object in C:\xampp1\htdocs\INSOR\wp-includes\class-walker-nav-menu.php on line 277
[29-Nov-2024 16:17:41 UTC] PHP Notice:  Trying to get property 'before' of non-object in C:\xampp1\htdocs\INSOR\wp-includes\class-walker-nav-menu.php on line 273
[29-Nov-2024 16:17:41 UTC] PHP Notice:  Trying to get property 'link_before' of non-object in C:\xampp1\htdocs\INSOR\wp-includes\class-walker-nav-menu.php on line 275
[29-Nov-2024 16:17:41 UTC] PHP Notice:  Trying to get property 'link_after' of non-object in C:\xampp1\htdocs\INSOR\wp-includes\class-walker-nav-menu.php on line 275
[29-Nov-2024 16:17:41 UTC] PHP Notice:  Trying to get property 'after' of non-object in C:\xampp1\htdocs\INSOR\wp-includes\class-walker-nav-menu.php on line 277
[29-Nov-2024 16:17:41 UTC] PHP Notice:  Trying to get property 'before' of non-object in C:\xampp1\htdocs\INSOR\wp-includes\class-walker-nav-menu.php on line 273
[29-Nov-2024 16:17:41 UTC] PHP Notice:  Trying to get property 'link_before' of non-object in C:\xampp1\htdocs\INSOR\wp-includes\class-walker-nav-menu.php on line 275
[29-Nov-2024 16:17:41 UTC] PHP Notice:  Trying to get property 'link_after' of non-object in C:\xampp1\htdocs\INSOR\wp-includes\class-walker-nav-menu.php on line 275
[29-Nov-2024 16:17:41 UTC] PHP Notice:  Trying to get property 'after' of non-object in C:\xampp1\htdocs\INSOR\wp-includes\class-walker-nav-menu.php on line 277
[29-Nov-2024 16:17:41 UTC] PHP Notice:  Trying to get property 'before' of non-object in C:\xampp1\htdocs\INSOR\wp-includes\class-walker-nav-menu.php on line 273
[29-Nov-2024 16:17:41 UTC] PHP Notice:  Trying to get property 'link_before' of non-object in C:\xampp1\htdocs\INSOR\wp-includes\class-walker-nav-menu.php on line 275
[29-Nov-2024 16:17:41 UTC] PHP Notice:  Trying to get property 'link_after' of non-object in C:\xampp1\htdocs\INSOR\wp-includes\class-walker-nav-menu.php on line 275
[29-Nov-2024 16:17:41 UTC] PHP Notice:  Trying to get property 'after' of non-object in C:\xampp1\htdocs\INSOR\wp-includes\class-walker-nav-menu.php on line 277
[29-Nov-2024 16:17:41 UTC] PHP Notice:  Trying to get property 'before' of non-object in C:\xampp1\htdocs\INSOR\wp-includes\class-walker-nav-menu.php on line 273
[29-Nov-2024 16:17:41 UTC] PHP Notice:  Trying to get property 'link_before' of non-object in C:\xampp1\htdocs\INSOR\wp-includes\class-walker-nav-menu.php on line 275
[29-Nov-2024 16:17:41 UTC] PHP Notice:  Trying to get property 'link_after' of non-object in C:\xampp1\htdocs\INSOR\wp-includes\class-walker-nav-menu.php on line 275
[29-Nov-2024 16:17:41 UTC] PHP Notice:  Trying to get property 'after' of non-object in C:\xampp1\htdocs\INSOR\wp-includes\class-walker-nav-menu.php on line 277
[29-Nov-2024 16:17:41 UTC] PHP Notice:  Trying to get property 'before' of non-object in C:\xampp1\htdocs\INSOR\wp-includes\class-walker-nav-menu.php on line 273
[29-Nov-2024 16:17:41 UTC] PHP Notice:  Trying to get property 'link_before' of non-object in C:\xampp1\htdocs\INSOR\wp-includes\class-walker-nav-menu.php on line 275
[29-Nov-2024 16:17:41 UTC] PHP Notice:  Trying to get property 'link_after' of non-object in C:\xampp1\htdocs\INSOR\wp-includes\class-walker-nav-menu.php on line 275
[29-Nov-2024 16:17:41 UTC] PHP Notice:  Trying to get property 'after' of non-object in C:\xampp1\htdocs\INSOR\wp-includes\class-walker-nav-menu.php on line 277
[29-Nov-2024 16:17:41 UTC] PHP Notice:  Trying to get property 'before' of non-object in C:\xampp1\htdocs\INSOR\wp-includes\class-walker-nav-menu.php on line 273
[29-Nov-2024 16:17:41 UTC] PHP Notice:  Trying to get property 'link_before' of non-object in C:\xampp1\htdocs\INSOR\wp-includes\class-walker-nav-menu.php on line 275
[29-Nov-2024 16:17:41 UTC] PHP Notice:  Trying to get property 'link_after' of non-object in C:\xampp1\htdocs\INSOR\wp-includes\class-walker-nav-menu.php on line 275
[29-Nov-2024 16:17:41 UTC] PHP Notice:  Trying to get property 'after' of non-object in C:\xampp1\htdocs\INSOR\wp-includes\class-walker-nav-menu.php on line 277
[29-Nov-2024 16:28:02 UTC] PHP Notice:  Trying to get property 'before' of non-object in C:\xampp1\htdocs\INSOR\wp-includes\class-walker-nav-menu.php on line 273
[29-Nov-2024 16:28:02 UTC] PHP Notice:  Trying to get property 'link_before' of non-object in C:\xampp1\htdocs\INSOR\wp-includes\class-walker-nav-menu.php on line 275
[29-Nov-2024 16:28:02 UTC] PHP Notice:  Trying to get property 'link_after' of non-object in C:\xampp1\htdocs\INSOR\wp-includes\class-walker-nav-menu.php on line 275
[29-Nov-2024 16:28:02 UTC] PHP Notice:  Trying to get property 'after' of non-object in C:\xampp1\htdocs\INSOR\wp-includes\class-walker-nav-menu.php on line 277
[29-Nov-2024 16:28:02 UTC] PHP Notice:  Trying to get property 'before' of non-object in C:\xampp1\htdocs\INSOR\wp-includes\class-walker-nav-menu.php on line 273
[29-Nov-2024 16:28:02 UTC] PHP Notice:  Trying to get property 'link_before' of non-object in C:\xampp1\htdocs\INSOR\wp-includes\class-walker-nav-menu.php on line 275
[29-Nov-2024 16:28:02 UTC] PHP Notice:  Trying to get property 'link_after' of non-object in C:\xampp1\htdocs\INSOR\wp-includes\class-walker-nav-menu.php on line 275
[29-Nov-2024 16:28:02 UTC] PHP Notice:  Trying to get property 'after' of non-object in C:\xampp1\htdocs\INSOR\wp-includes\class-walker-nav-menu.php on line 277
[29-Nov-2024 16:28:02 UTC] PHP Notice:  Trying to get property 'before' of non-object in C:\xampp1\htdocs\INSOR\wp-includes\class-walker-nav-menu.php on line 273
[29-Nov-2024 16:28:02 UTC] PHP Notice:  Trying to get property 'link_before' of non-object in C:\xampp1\htdocs\INSOR\wp-includes\class-walker-nav-menu.php on line 275
[29-Nov-2024 16:28:02 UTC] PHP Notice:  Trying to get property 'link_after' of non-object in C:\xampp1\htdocs\INSOR\wp-includes\class-walker-nav-menu.php on line 275
[29-Nov-2024 16:28:02 UTC] PHP Notice:  Trying to get property 'after' of non-object in C:\xampp1\htdocs\INSOR\wp-includes\class-walker-nav-menu.php on line 277
[29-Nov-2024 16:28:02 UTC] PHP Notice:  Trying to get property 'before' of non-object in C:\xampp1\htdocs\INSOR\wp-includes\class-walker-nav-menu.php on line 273
[29-Nov-2024 16:28:02 UTC] PHP Notice:  Trying to get property 'link_before' of non-object in C:\xampp1\htdocs\INSOR\wp-includes\class-walker-nav-menu.php on line 275
[29-Nov-2024 16:28:02 UTC] PHP Notice:  Trying to get property 'link_after' of non-object in C:\xampp1\htdocs\INSOR\wp-includes\class-walker-nav-menu.php on line 275
[29-Nov-2024 16:28:02 UTC] PHP Notice:  Trying to get property 'after' of non-object in C:\xampp1\htdocs\INSOR\wp-includes\class-walker-nav-menu.php on line 277
[29-Nov-2024 16:28:02 UTC] PHP Notice:  Trying to get property 'before' of non-object in C:\xampp1\htdocs\INSOR\wp-includes\class-walker-nav-menu.php on line 273
[29-Nov-2024 16:28:02 UTC] PHP Notice:  Trying to get property 'link_before' of non-object in C:\xampp1\htdocs\INSOR\wp-includes\class-walker-nav-menu.php on line 275
[29-Nov-2024 16:28:02 UTC] PHP Notice:  Trying to get property 'link_after' of non-object in C:\xampp1\htdocs\INSOR\wp-includes\class-walker-nav-menu.php on line 275
[29-Nov-2024 16:28:02 UTC] PHP Notice:  Trying to get property 'after' of non-object in C:\xampp1\htdocs\INSOR\wp-includes\class-walker-nav-menu.php on line 277
[29-Nov-2024 16:28:02 UTC] PHP Notice:  Trying to get property 'before' of non-object in C:\xampp1\htdocs\INSOR\wp-includes\class-walker-nav-menu.php on line 273
[29-Nov-2024 16:28:02 UTC] PHP Notice:  Trying to get property 'link_before' of non-object in C:\xampp1\htdocs\INSOR\wp-includes\class-walker-nav-menu.php on line 275
[29-Nov-2024 16:28:02 UTC] PHP Notice:  Trying to get property 'link_after' of non-object in C:\xampp1\htdocs\INSOR\wp-includes\class-walker-nav-menu.php on line 275
[29-Nov-2024 16:28:02 UTC] PHP Notice:  Trying to get property 'after' of non-object in C:\xampp1\htdocs\INSOR\wp-includes\class-walker-nav-menu.php on line 277
[29-Nov-2024 16:28:02 UTC] PHP Notice:  Trying to get property 'before' of non-object in C:\xampp1\htdocs\INSOR\wp-includes\class-walker-nav-menu.php on line 273
[29-Nov-2024 16:28:02 UTC] PHP Notice:  Trying to get property 'link_before' of non-object in C:\xampp1\htdocs\INSOR\wp-includes\class-walker-nav-menu.php on line 275
[29-Nov-2024 16:28:02 UTC] PHP Notice:  Trying to get property 'link_after' of non-object in C:\xampp1\htdocs\INSOR\wp-includes\class-walker-nav-menu.php on line 275
[29-Nov-2024 16:28:02 UTC] PHP Notice:  Trying to get property 'after' of non-object in C:\xampp1\htdocs\INSOR\wp-includes\class-walker-nav-menu.php on line 277
[29-Nov-2024 16:28:02 UTC] PHP Notice:  Trying to get property 'before' of non-object in C:\xampp1\htdocs\INSOR\wp-includes\class-walker-nav-menu.php on line 273
[29-Nov-2024 16:28:02 UTC] PHP Notice:  Trying to get property 'link_before' of non-object in C:\xampp1\htdocs\INSOR\wp-includes\class-walker-nav-menu.php on line 275
[29-Nov-2024 16:28:02 UTC] PHP Notice:  Trying to get property 'link_after' of non-object in C:\xampp1\htdocs\INSOR\wp-includes\class-walker-nav-menu.php on line 275
[29-Nov-2024 16:28:02 UTC] PHP Notice:  Trying to get property 'after' of non-object in C:\xampp1\htdocs\INSOR\wp-includes\class-walker-nav-menu.php on line 277
[29-Nov-2024 16:28:02 UTC] PHP Notice:  Trying to get property 'before' of non-object in C:\xampp1\htdocs\INSOR\wp-includes\class-walker-nav-menu.php on line 273
[29-Nov-2024 16:28:02 UTC] PHP Notice:  Trying to get property 'link_before' of non-object in C:\xampp1\htdocs\INSOR\wp-includes\class-walker-nav-menu.php on line 275
[29-Nov-2024 16:28:02 UTC] PHP Notice:  Trying to get property 'link_after' of non-object in C:\xampp1\htdocs\INSOR\wp-includes\class-walker-nav-menu.php on line 275
[29-Nov-2024 16:28:02 UTC] PHP Notice:  Trying to get property 'after' of non-object in C:\xampp1\htdocs\INSOR\wp-includes\class-walker-nav-menu.php on line 277
[29-Nov-2024 16:28:02 UTC] PHP Notice:  Trying to get property 'before' of non-object in C:\xampp1\htdocs\INSOR\wp-includes\class-walker-nav-menu.php on line 273
[29-Nov-2024 16:28:02 UTC] PHP Notice:  Trying to get property 'link_before' of non-object in C:\xampp1\htdocs\INSOR\wp-includes\class-walker-nav-menu.php on line 275
[29-Nov-2024 16:28:02 UTC] PHP Notice:  Trying to get property 'link_after' of non-object in C:\xampp1\htdocs\INSOR\wp-includes\class-walker-nav-menu.php on line 275
[29-Nov-2024 16:28:02 UTC] PHP Notice:  Trying to get property 'after' of non-object in C:\xampp1\htdocs\INSOR\wp-includes\class-walker-nav-menu.php on line 277
[29-Nov-2024 16:28:02 UTC] PHP Notice:  Trying to get property 'before' of non-object in C:\xampp1\htdocs\INSOR\wp-includes\class-walker-nav-menu.php on line 273
[29-Nov-2024 16:28:02 UTC] PHP Notice:  Trying to get property 'link_before' of non-object in C:\xampp1\htdocs\INSOR\wp-includes\class-walker-nav-menu.php on line 275
[29-Nov-2024 16:28:02 UTC] PHP Notice:  Trying to get property 'link_after' of non-object in C:\xampp1\htdocs\INSOR\wp-includes\class-walker-nav-menu.php on line 275
[29-Nov-2024 16:28:02 UTC] PHP Notice:  Trying to get property 'after' of non-object in C:\xampp1\htdocs\INSOR\wp-includes\class-walker-nav-menu.php on line 277
[29-Nov-2024 16:28:02 UTC] PHP Notice:  Trying to get property 'before' of non-object in C:\xampp1\htdocs\INSOR\wp-includes\class-walker-nav-menu.php on line 273
[29-Nov-2024 16:28:02 UTC] PHP Notice:  Trying to get property 'link_before' of non-object in C:\xampp1\htdocs\INSOR\wp-includes\class-walker-nav-menu.php on line 275
[29-Nov-2024 16:28:02 UTC] PHP Notice:  Trying to get property 'link_after' of non-object in C:\xampp1\htdocs\INSOR\wp-includes\class-walker-nav-menu.php on line 275
[29-Nov-2024 16:28:02 UTC] PHP Notice:  Trying to get property 'after' of non-object in C:\xampp1\htdocs\INSOR\wp-includes\class-walker-nav-menu.php on line 277
[29-Nov-2024 16:28:02 UTC] PHP Notice:  Trying to get property 'before' of non-object in C:\xampp1\htdocs\INSOR\wp-includes\class-walker-nav-menu.php on line 273
[29-Nov-2024 16:28:02 UTC] PHP Notice:  Trying to get property 'link_before' of non-object in C:\xampp1\htdocs\INSOR\wp-includes\class-walker-nav-menu.php on line 275
[29-Nov-2024 16:28:02 UTC] PHP Notice:  Trying to get property 'link_after' of non-object in C:\xampp1\htdocs\INSOR\wp-includes\class-walker-nav-menu.php on line 275
[29-Nov-2024 16:28:02 UTC] PHP Notice:  Trying to get property 'after' of non-object in C:\xampp1\htdocs\INSOR\wp-includes\class-walker-nav-menu.php on line 277
[29-Nov-2024 16:28:02 UTC] PHP Notice:  Trying to get property 'before' of non-object in C:\xampp1\htdocs\INSOR\wp-includes\class-walker-nav-menu.php on line 273
[29-Nov-2024 16:28:02 UTC] PHP Notice:  Trying to get property 'link_before' of non-object in C:\xampp1\htdocs\INSOR\wp-includes\class-walker-nav-menu.php on line 275
[29-Nov-2024 16:28:02 UTC] PHP Notice:  Trying to get property 'link_after' of non-object in C:\xampp1\htdocs\INSOR\wp-includes\class-walker-nav-menu.php on line 275
[29-Nov-2024 16:28:02 UTC] PHP Notice:  Trying to get property 'after' of non-object in C:\xampp1\htdocs\INSOR\wp-includes\class-walker-nav-menu.php on line 277
[29-Nov-2024 16:28:02 UTC] PHP Notice:  Trying to get property 'before' of non-object in C:\xampp1\htdocs\INSOR\wp-includes\class-walker-nav-menu.php on line 273
[29-Nov-2024 16:28:02 UTC] PHP Notice:  Trying to get property 'link_before' of non-object in C:\xampp1\htdocs\INSOR\wp-includes\class-walker-nav-menu.php on line 275
[29-Nov-2024 16:28:02 UTC] PHP Notice:  Trying to get property 'link_after' of non-object in C:\xampp1\htdocs\INSOR\wp-includes\class-walker-nav-menu.php on line 275
[29-Nov-2024 16:28:02 UTC] PHP Notice:  Trying to get property 'after' of non-object in C:\xampp1\htdocs\INSOR\wp-includes\class-walker-nav-menu.php on line 277
[29-Nov-2024 16:28:02 UTC] PHP Notice:  Trying to get property 'before' of non-object in C:\xampp1\htdocs\INSOR\wp-includes\class-walker-nav-menu.php on line 273
[29-Nov-2024 16:28:02 UTC] PHP Notice:  Trying to get property 'link_before' of non-object in C:\xampp1\htdocs\INSOR\wp-includes\class-walker-nav-menu.php on line 275
[29-Nov-2024 16:28:02 UTC] PHP Notice:  Trying to get property 'link_after' of non-object in C:\xampp1\htdocs\INSOR\wp-includes\class-walker-nav-menu.php on line 275
[29-Nov-2024 16:28:02 UTC] PHP Notice:  Trying to get property 'after' of non-object in C:\xampp1\htdocs\INSOR\wp-includes\class-walker-nav-menu.php on line 277
[29-Nov-2024 16:28:02 UTC] PHP Notice:  Trying to get property 'before' of non-object in C:\xampp1\htdocs\INSOR\wp-includes\class-walker-nav-menu.php on line 273
[29-Nov-2024 16:28:02 UTC] PHP Notice:  Trying to get property 'link_before' of non-object in C:\xampp1\htdocs\INSOR\wp-includes\class-walker-nav-menu.php on line 275
[29-Nov-2024 16:28:02 UTC] PHP Notice:  Trying to get property 'link_after' of non-object in C:\xampp1\htdocs\INSOR\wp-includes\class-walker-nav-menu.php on line 275
[29-Nov-2024 16:28:02 UTC] PHP Notice:  Trying to get property 'after' of non-object in C:\xampp1\htdocs\INSOR\wp-includes\class-walker-nav-menu.php on line 277
[29-Nov-2024 16:28:02 UTC] PHP Notice:  Trying to get property 'before' of non-object in C:\xampp1\htdocs\INSOR\wp-includes\class-walker-nav-menu.php on line 273
[29-Nov-2024 16:28:02 UTC] PHP Notice:  Trying to get property 'link_before' of non-object in C:\xampp1\htdocs\INSOR\wp-includes\class-walker-nav-menu.php on line 275
[29-Nov-2024 16:28:02 UTC] PHP Notice:  Trying to get property 'link_after' of non-object in C:\xampp1\htdocs\INSOR\wp-includes\class-walker-nav-menu.php on line 275
[29-Nov-2024 16:28:02 UTC] PHP Notice:  Trying to get property 'after' of non-object in C:\xampp1\htdocs\INSOR\wp-includes\class-walker-nav-menu.php on line 277
[29-Nov-2024 16:28:02 UTC] PHP Notice:  Trying to get property 'before' of non-object in C:\xampp1\htdocs\INSOR\wp-includes\class-walker-nav-menu.php on line 273
[29-Nov-2024 16:28:02 UTC] PHP Notice:  Trying to get property 'link_before' of non-object in C:\xampp1\htdocs\INSOR\wp-includes\class-walker-nav-menu.php on line 275
[29-Nov-2024 16:28:02 UTC] PHP Notice:  Trying to get property 'link_after' of non-object in C:\xampp1\htdocs\INSOR\wp-includes\class-walker-nav-menu.php on line 275
[29-Nov-2024 16:28:02 UTC] PHP Notice:  Trying to get property 'after' of non-object in C:\xampp1\htdocs\INSOR\wp-includes\class-walker-nav-menu.php on line 277
[29-Nov-2024 16:28:02 UTC] PHP Notice:  Trying to get property 'before' of non-object in C:\xampp1\htdocs\INSOR\wp-includes\class-walker-nav-menu.php on line 273
[29-Nov-2024 16:28:02 UTC] PHP Notice:  Trying to get property 'link_before' of non-object in C:\xampp1\htdocs\INSOR\wp-includes\class-walker-nav-menu.php on line 275
[29-Nov-2024 16:28:02 UTC] PHP Notice:  Trying to get property 'link_after' of non-object in C:\xampp1\htdocs\INSOR\wp-includes\class-walker-nav-menu.php on line 275
[29-Nov-2024 16:28:02 UTC] PHP Notice:  Trying to get property 'after' of non-object in C:\xampp1\htdocs\INSOR\wp-includes\class-walker-nav-menu.php on line 277
[29-Nov-2024 16:28:02 UTC] PHP Notice:  Trying to get property 'before' of non-object in C:\xampp1\htdocs\INSOR\wp-includes\class-walker-nav-menu.php on line 273
[29-Nov-2024 16:28:02 UTC] PHP Notice:  Trying to get property 'link_before' of non-object in C:\xampp1\htdocs\INSOR\wp-includes\class-walker-nav-menu.php on line 275
[29-Nov-2024 16:28:02 UTC] PHP Notice:  Trying to get property 'link_after' of non-object in C:\xampp1\htdocs\INSOR\wp-includes\class-walker-nav-menu.php on line 275
[29-Nov-2024 16:28:02 UTC] PHP Notice:  Trying to get property 'after' of non-object in C:\xampp1\htdocs\INSOR\wp-includes\class-walker-nav-menu.php on line 277
[29-Nov-2024 16:28:02 UTC] PHP Notice:  Trying to get property 'before' of non-object in C:\xampp1\htdocs\INSOR\wp-includes\class-walker-nav-menu.php on line 273
[29-Nov-2024 16:28:02 UTC] PHP Notice:  Trying to get property 'link_before' of non-object in C:\xampp1\htdocs\INSOR\wp-includes\class-walker-nav-menu.php on line 275
[29-Nov-2024 16:28:02 UTC] PHP Notice:  Trying to get property 'link_after' of non-object in C:\xampp1\htdocs\INSOR\wp-includes\class-walker-nav-menu.php on line 275
[29-Nov-2024 16:28:02 UTC] PHP Notice:  Trying to get property 'after' of non-object in C:\xampp1\htdocs\INSOR\wp-includes\class-walker-nav-menu.php on line 277
[29-Nov-2024 16:28:02 UTC] PHP Notice:  Trying to get property 'before' of non-object in C:\xampp1\htdocs\INSOR\wp-includes\class-walker-nav-menu.php on line 273
[29-Nov-2024 16:28:02 UTC] PHP Notice:  Trying to get property 'link_before' of non-object in C:\xampp1\htdocs\INSOR\wp-includes\class-walker-nav-menu.php on line 275
[29-Nov-2024 16:28:02 UTC] PHP Notice:  Trying to get property 'link_after' of non-object in C:\xampp1\htdocs\INSOR\wp-includes\class-walker-nav-menu.php on line 275
[29-Nov-2024 16:28:02 UTC] PHP Notice:  Trying to get property 'after' of non-object in C:\xampp1\htdocs\INSOR\wp-includes\class-walker-nav-menu.php on line 277
[29-Nov-2024 16:28:02 UTC] PHP Notice:  Trying to get property 'before' of non-object in C:\xampp1\htdocs\INSOR\wp-includes\class-walker-nav-menu.php on line 273
[29-Nov-2024 16:28:02 UTC] PHP Notice:  Trying to get property 'link_before' of non-object in C:\xampp1\htdocs\INSOR\wp-includes\class-walker-nav-menu.php on line 275
[29-Nov-2024 16:28:02 UTC] PHP Notice:  Trying to get property 'link_after' of non-object in C:\xampp1\htdocs\INSOR\wp-includes\class-walker-nav-menu.php on line 275
[29-Nov-2024 16:28:02 UTC] PHP Notice:  Trying to get property 'after' of non-object in C:\xampp1\htdocs\INSOR\wp-includes\class-walker-nav-menu.php on line 277
[29-Nov-2024 16:28:02 UTC] PHP Notice:  Trying to get property 'before' of non-object in C:\xampp1\htdocs\INSOR\wp-includes\class-walker-nav-menu.php on line 273
[29-Nov-2024 16:28:02 UTC] PHP Notice:  Trying to get property 'link_before' of non-object in C:\xampp1\htdocs\INSOR\wp-includes\class-walker-nav-menu.php on line 275
[29-Nov-2024 16:28:02 UTC] PHP Notice:  Trying to get property 'link_after' of non-object in C:\xampp1\htdocs\INSOR\wp-includes\class-walker-nav-menu.php on line 275
[29-Nov-2024 16:28:02 UTC] PHP Notice:  Trying to get property 'after' of non-object in C:\xampp1\htdocs\INSOR\wp-includes\class-walker-nav-menu.php on line 277
[29-Nov-2024 16:28:02 UTC] PHP Notice:  Trying to get property 'before' of non-object in C:\xampp1\htdocs\INSOR\wp-includes\class-walker-nav-menu.php on line 273
[29-Nov-2024 16:28:02 UTC] PHP Notice:  Trying to get property 'link_before' of non-object in C:\xampp1\htdocs\INSOR\wp-includes\class-walker-nav-menu.php on line 275
[29-Nov-2024 16:28:02 UTC] PHP Notice:  Trying to get property 'link_after' of non-object in C:\xampp1\htdocs\INSOR\wp-includes\class-walker-nav-menu.php on line 275
[29-Nov-2024 16:28:02 UTC] PHP Notice:  Trying to get property 'after' of non-object in C:\xampp1\htdocs\INSOR\wp-includes\class-walker-nav-menu.php on line 277
[29-Nov-2024 16:28:02 UTC] PHP Notice:  Trying to get property 'before' of non-object in C:\xampp1\htdocs\INSOR\wp-includes\class-walker-nav-menu.php on line 273
[29-Nov-2024 16:28:02 UTC] PHP Notice:  Trying to get property 'link_before' of non-object in C:\xampp1\htdocs\INSOR\wp-includes\class-walker-nav-menu.php on line 275
[29-Nov-2024 16:28:02 UTC] PHP Notice:  Trying to get property 'link_after' of non-object in C:\xampp1\htdocs\INSOR\wp-includes\class-walker-nav-menu.php on line 275
[29-Nov-2024 16:28:02 UTC] PHP Notice:  Trying to get property 'after' of non-object in C:\xampp1\htdocs\INSOR\wp-includes\class-walker-nav-menu.php on line 277
[29-Nov-2024 16:28:02 UTC] PHP Notice:  Trying to get property 'before' of non-object in C:\xampp1\htdocs\INSOR\wp-includes\class-walker-nav-menu.php on line 273
[29-Nov-2024 16:28:02 UTC] PHP Notice:  Trying to get property 'link_before' of non-object in C:\xampp1\htdocs\INSOR\wp-includes\class-walker-nav-menu.php on line 275
[29-Nov-2024 16:28:02 UTC] PHP Notice:  Trying to get property 'link_after' of non-object in C:\xampp1\htdocs\INSOR\wp-includes\class-walker-nav-menu.php on line 275
[29-Nov-2024 16:28:02 UTC] PHP Notice:  Trying to get property 'after' of non-object in C:\xampp1\htdocs\INSOR\wp-includes\class-walker-nav-menu.php on line 277
[29-Nov-2024 16:28:02 UTC] PHP Notice:  Trying to get property 'before' of non-object in C:\xampp1\htdocs\INSOR\wp-includes\class-walker-nav-menu.php on line 273
[29-Nov-2024 16:28:02 UTC] PHP Notice:  Trying to get property 'link_before' of non-object in C:\xampp1\htdocs\INSOR\wp-includes\class-walker-nav-menu.php on line 275
[29-Nov-2024 16:28:02 UTC] PHP Notice:  Trying to get property 'link_after' of non-object in C:\xampp1\htdocs\INSOR\wp-includes\class-walker-nav-menu.php on line 275
[29-Nov-2024 16:28:02 UTC] PHP Notice:  Trying to get property 'after' of non-object in C:\xampp1\htdocs\INSOR\wp-includes\class-walker-nav-menu.php on line 277
[29-Nov-2024 16:28:02 UTC] PHP Notice:  Trying to get property 'before' of non-object in C:\xampp1\htdocs\INSOR\wp-includes\class-walker-nav-menu.php on line 273
[29-Nov-2024 16:28:02 UTC] PHP Notice:  Trying to get property 'link_before' of non-object in C:\xampp1\htdocs\INSOR\wp-includes\class-walker-nav-menu.php on line 275
[29-Nov-2024 16:28:02 UTC] PHP Notice:  Trying to get property 'link_after' of non-object in C:\xampp1\htdocs\INSOR\wp-includes\class-walker-nav-menu.php on line 275
[29-Nov-2024 16:28:02 UTC] PHP Notice:  Trying to get property 'after' of non-object in C:\xampp1\htdocs\INSOR\wp-includes\class-walker-nav-menu.php on line 277
[29-Nov-2024 16:28:02 UTC] PHP Notice:  Trying to get property 'before' of non-object in C:\xampp1\htdocs\INSOR\wp-includes\class-walker-nav-menu.php on line 273
[29-Nov-2024 16:28:02 UTC] PHP Notice:  Trying to get property 'link_before' of non-object in C:\xampp1\htdocs\INSOR\wp-includes\class-walker-nav-menu.php on line 275
[29-Nov-2024 16:28:02 UTC] PHP Notice:  Trying to get property 'link_after' of non-object in C:\xampp1\htdocs\INSOR\wp-includes\class-walker-nav-menu.php on line 275
[29-Nov-2024 16:28:02 UTC] PHP Notice:  Trying to get property 'after' of non-object in C:\xampp1\htdocs\INSOR\wp-includes\class-walker-nav-menu.php on line 277
[29-Nov-2024 16:28:02 UTC] PHP Notice:  Trying to get property 'before' of non-object in C:\xampp1\htdocs\INSOR\wp-includes\class-walker-nav-menu.php on line 273
[29-Nov-2024 16:28:02 UTC] PHP Notice:  Trying to get property 'link_before' of non-object in C:\xampp1\htdocs\INSOR\wp-includes\class-walker-nav-menu.php on line 275
[29-Nov-2024 16:28:02 UTC] PHP Notice:  Trying to get property 'link_after' of non-object in C:\xampp1\htdocs\INSOR\wp-includes\class-walker-nav-menu.php on line 275
[29-Nov-2024 16:28:02 UTC] PHP Notice:  Trying to get property 'after' of non-object in C:\xampp1\htdocs\INSOR\wp-includes\class-walker-nav-menu.php on line 277
[29-Nov-2024 16:28:02 UTC] PHP Notice:  Trying to get property 'before' of non-object in C:\xampp1\htdocs\INSOR\wp-includes\class-walker-nav-menu.php on line 273
[29-Nov-2024 16:28:02 UTC] PHP Notice:  Trying to get property 'link_before' of non-object in C:\xampp1\htdocs\INSOR\wp-includes\class-walker-nav-menu.php on line 275
[29-Nov-2024 16:28:02 UTC] PHP Notice:  Trying to get property 'link_after' of non-object in C:\xampp1\htdocs\INSOR\wp-includes\class-walker-nav-menu.php on line 275
[29-Nov-2024 16:28:02 UTC] PHP Notice:  Trying to get property 'after' of non-object in C:\xampp1\htdocs\INSOR\wp-includes\class-walker-nav-menu.php on line 277
[29-Nov-2024 16:28:02 UTC] PHP Notice:  Trying to get property 'before' of non-object in C:\xampp1\htdocs\INSOR\wp-includes\class-walker-nav-menu.php on line 273
[29-Nov-2024 16:28:02 UTC] PHP Notice:  Trying to get property 'link_before' of non-object in C:\xampp1\htdocs\INSOR\wp-includes\class-walker-nav-menu.php on line 275
[29-Nov-2024 16:28:02 UTC] PHP Notice:  Trying to get property 'link_after' of non-object in C:\xampp1\htdocs\INSOR\wp-includes\class-walker-nav-menu.php on line 275
[29-Nov-2024 16:28:02 UTC] PHP Notice:  Trying to get property 'after' of non-object in C:\xampp1\htdocs\INSOR\wp-includes\class-walker-nav-menu.php on line 277
[29-Nov-2024 16:28:02 UTC] PHP Notice:  Trying to get property 'before' of non-object in C:\xampp1\htdocs\INSOR\wp-includes\class-walker-nav-menu.php on line 273
[29-Nov-2024 16:28:02 UTC] PHP Notice:  Trying to get property 'link_before' of non-object in C:\xampp1\htdocs\INSOR\wp-includes\class-walker-nav-menu.php on line 275
[29-Nov-2024 16:28:02 UTC] PHP Notice:  Trying to get property 'link_after' of non-object in C:\xampp1\htdocs\INSOR\wp-includes\class-walker-nav-menu.php on line 275
[29-Nov-2024 16:28:02 UTC] PHP Notice:  Trying to get property 'after' of non-object in C:\xampp1\htdocs\INSOR\wp-includes\class-walker-nav-menu.php on line 277
[29-Nov-2024 16:28:02 UTC] PHP Notice:  Trying to get property 'before' of non-object in C:\xampp1\htdocs\INSOR\wp-includes\class-walker-nav-menu.php on line 273
[29-Nov-2024 16:28:02 UTC] PHP Notice:  Trying to get property 'link_before' of non-object in C:\xampp1\htdocs\INSOR\wp-includes\class-walker-nav-menu.php on line 275
[29-Nov-2024 16:28:02 UTC] PHP Notice:  Trying to get property 'link_after' of non-object in C:\xampp1\htdocs\INSOR\wp-includes\class-walker-nav-menu.php on line 275
[29-Nov-2024 16:28:02 UTC] PHP Notice:  Trying to get property 'after' of non-object in C:\xampp1\htdocs\INSOR\wp-includes\class-walker-nav-menu.php on line 277
[29-Nov-2024 16:28:02 UTC] PHP Notice:  Trying to get property 'before' of non-object in C:\xampp1\htdocs\INSOR\wp-includes\class-walker-nav-menu.php on line 273
[29-Nov-2024 16:28:02 UTC] PHP Notice:  Trying to get property 'link_before' of non-object in C:\xampp1\htdocs\INSOR\wp-includes\class-walker-nav-menu.php on line 275
[29-Nov-2024 16:28:02 UTC] PHP Notice:  Trying to get property 'link_after' of non-object in C:\xampp1\htdocs\INSOR\wp-includes\class-walker-nav-menu.php on line 275
[29-Nov-2024 16:28:02 UTC] PHP Notice:  Trying to get property 'after' of non-object in C:\xampp1\htdocs\INSOR\wp-includes\class-walker-nav-menu.php on line 277
[29-Nov-2024 16:28:02 UTC] PHP Notice:  Trying to get property 'before' of non-object in C:\xampp1\htdocs\INSOR\wp-includes\class-walker-nav-menu.php on line 273
[29-Nov-2024 16:28:02 UTC] PHP Notice:  Trying to get property 'link_before' of non-object in C:\xampp1\htdocs\INSOR\wp-includes\class-walker-nav-menu.php on line 275
[29-Nov-2024 16:28:02 UTC] PHP Notice:  Trying to get property 'link_after' of non-object in C:\xampp1\htdocs\INSOR\wp-includes\class-walker-nav-menu.php on line 275
[29-Nov-2024 16:28:02 UTC] PHP Notice:  Trying to get property 'after' of non-object in C:\xampp1\htdocs\INSOR\wp-includes\class-walker-nav-menu.php on line 277
[29-Nov-2024 16:28:02 UTC] PHP Notice:  Trying to get property 'before' of non-object in C:\xampp1\htdocs\INSOR\wp-includes\class-walker-nav-menu.php on line 273
[29-Nov-2024 16:28:02 UTC] PHP Notice:  Trying to get property 'link_before' of non-object in C:\xampp1\htdocs\INSOR\wp-includes\class-walker-nav-menu.php on line 275
[29-Nov-2024 16:28:02 UTC] PHP Notice:  Trying to get property 'link_after' of non-object in C:\xampp1\htdocs\INSOR\wp-includes\class-walker-nav-menu.php on line 275
[29-Nov-2024 16:28:02 UTC] PHP Notice:  Trying to get property 'after' of non-object in C:\xampp1\htdocs\INSOR\wp-includes\class-walker-nav-menu.php on line 277
[29-Nov-2024 16:28:02 UTC] PHP Notice:  Trying to get property 'before' of non-object in C:\xampp1\htdocs\INSOR\wp-includes\class-walker-nav-menu.php on line 273
[29-Nov-2024 16:28:02 UTC] PHP Notice:  Trying to get property 'link_before' of non-object in C:\xampp1\htdocs\INSOR\wp-includes\class-walker-nav-menu.php on line 275
[29-Nov-2024 16:28:02 UTC] PHP Notice:  Trying to get property 'link_after' of non-object in C:\xampp1\htdocs\INSOR\wp-includes\class-walker-nav-menu.php on line 275
[29-Nov-2024 16:28:02 UTC] PHP Notice:  Trying to get property 'after' of non-object in C:\xampp1\htdocs\INSOR\wp-includes\class-walker-nav-menu.php on line 277
[29-Nov-2024 16:28:02 UTC] PHP Notice:  Trying to get property 'before' of non-object in C:\xampp1\htdocs\INSOR\wp-includes\class-walker-nav-menu.php on line 273
[29-Nov-2024 16:28:02 UTC] PHP Notice:  Trying to get property 'link_before' of non-object in C:\xampp1\htdocs\INSOR\wp-includes\class-walker-nav-menu.php on line 275
[29-Nov-2024 16:28:02 UTC] PHP Notice:  Trying to get property 'link_after' of non-object in C:\xampp1\htdocs\INSOR\wp-includes\class-walker-nav-menu.php on line 275
[29-Nov-2024 16:28:02 UTC] PHP Notice:  Trying to get property 'after' of non-object in C:\xampp1\htdocs\INSOR\wp-includes\class-walker-nav-menu.php on line 277
[29-Nov-2024 16:28:02 UTC] PHP Notice:  Trying to get property 'before' of non-object in C:\xampp1\htdocs\INSOR\wp-includes\class-walker-nav-menu.php on line 273
[29-Nov-2024 16:28:02 UTC] PHP Notice:  Trying to get property 'link_before' of non-object in C:\xampp1\htdocs\INSOR\wp-includes\class-walker-nav-menu.php on line 275
[29-Nov-2024 16:28:02 UTC] PHP Notice:  Trying to get property 'link_after' of non-object in C:\xampp1\htdocs\INSOR\wp-includes\class-walker-nav-menu.php on line 275
[29-Nov-2024 16:28:02 UTC] PHP Notice:  Trying to get property 'after' of non-object in C:\xampp1\htdocs\INSOR\wp-includes\class-walker-nav-menu.php on line 277
[29-Nov-2024 16:28:02 UTC] PHP Notice:  Trying to get property 'before' of non-object in C:\xampp1\htdocs\INSOR\wp-includes\class-walker-nav-menu.php on line 273
[29-Nov-2024 16:28:02 UTC] PHP Notice:  Trying to get property 'link_before' of non-object in C:\xampp1\htdocs\INSOR\wp-includes\class-walker-nav-menu.php on line 275
[29-Nov-2024 16:28:02 UTC] PHP Notice:  Trying to get property 'link_after' of non-object in C:\xampp1\htdocs\INSOR\wp-includes\class-walker-nav-menu.php on line 275
[29-Nov-2024 16:28:02 UTC] PHP Notice:  Trying to get property 'after' of non-object in C:\xampp1\htdocs\INSOR\wp-includes\class-walker-nav-menu.php on line 277
[29-Nov-2024 16:28:02 UTC] PHP Notice:  Trying to get property 'before' of non-object in C:\xampp1\htdocs\INSOR\wp-includes\class-walker-nav-menu.php on line 273
[29-Nov-2024 16:28:02 UTC] PHP Notice:  Trying to get property 'link_before' of non-object in C:\xampp1\htdocs\INSOR\wp-includes\class-walker-nav-menu.php on line 275
[29-Nov-2024 16:28:02 UTC] PHP Notice:  Trying to get property 'link_after' of non-object in C:\xampp1\htdocs\INSOR\wp-includes\class-walker-nav-menu.php on line 275
[29-Nov-2024 16:28:02 UTC] PHP Notice:  Trying to get property 'after' of non-object in C:\xampp1\htdocs\INSOR\wp-includes\class-walker-nav-menu.php on line 277
[29-Nov-2024 16:28:02 UTC] PHP Notice:  Trying to get property 'before' of non-object in C:\xampp1\htdocs\INSOR\wp-includes\class-walker-nav-menu.php on line 273
[29-Nov-2024 16:28:02 UTC] PHP Notice:  Trying to get property 'link_before' of non-object in C:\xampp1\htdocs\INSOR\wp-includes\class-walker-nav-menu.php on line 275
[29-Nov-2024 16:28:02 UTC] PHP Notice:  Trying to get property 'link_after' of non-object in C:\xampp1\htdocs\INSOR\wp-includes\class-walker-nav-menu.php on line 275
[29-Nov-2024 16:28:02 UTC] PHP Notice:  Trying to get property 'after' of non-object in C:\xampp1\htdocs\INSOR\wp-includes\class-walker-nav-menu.php on line 277
[29-Nov-2024 16:28:02 UTC] PHP Notice:  Trying to get property 'before' of non-object in C:\xampp1\htdocs\INSOR\wp-includes\class-walker-nav-menu.php on line 273
[29-Nov-2024 16:28:02 UTC] PHP Notice:  Trying to get property 'link_before' of non-object in C:\xampp1\htdocs\INSOR\wp-includes\class-walker-nav-menu.php on line 275
[29-Nov-2024 16:28:02 UTC] PHP Notice:  Trying to get property 'link_after' of non-object in C:\xampp1\htdocs\INSOR\wp-includes\class-walker-nav-menu.php on line 275
[29-Nov-2024 16:28:02 UTC] PHP Notice:  Trying to get property 'after' of non-object in C:\xampp1\htdocs\INSOR\wp-includes\class-walker-nav-menu.php on line 277
[29-Nov-2024 16:28:02 UTC] PHP Notice:  Trying to get property 'before' of non-object in C:\xampp1\htdocs\INSOR\wp-includes\class-walker-nav-menu.php on line 273
[29-Nov-2024 16:28:02 UTC] PHP Notice:  Trying to get property 'link_before' of non-object in C:\xampp1\htdocs\INSOR\wp-includes\class-walker-nav-menu.php on line 275
[29-Nov-2024 16:28:02 UTC] PHP Notice:  Trying to get property 'link_after' of non-object in C:\xampp1\htdocs\INSOR\wp-includes\class-walker-nav-menu.php on line 275
[29-Nov-2024 16:28:02 UTC] PHP Notice:  Trying to get property 'after' of non-object in C:\xampp1\htdocs\INSOR\wp-includes\class-walker-nav-menu.php on line 277
[29-Nov-2024 16:28:02 UTC] PHP Notice:  Trying to get property 'before' of non-object in C:\xampp1\htdocs\INSOR\wp-includes\class-walker-nav-menu.php on line 273
[29-Nov-2024 16:28:02 UTC] PHP Notice:  Trying to get property 'link_before' of non-object in C:\xampp1\htdocs\INSOR\wp-includes\class-walker-nav-menu.php on line 275
[29-Nov-2024 16:28:02 UTC] PHP Notice:  Trying to get property 'link_after' of non-object in C:\xampp1\htdocs\INSOR\wp-includes\class-walker-nav-menu.php on line 275
[29-Nov-2024 16:28:02 UTC] PHP Notice:  Trying to get property 'after' of non-object in C:\xampp1\htdocs\INSOR\wp-includes\class-walker-nav-menu.php on line 277
[29-Nov-2024 16:28:02 UTC] PHP Notice:  Trying to get property 'before' of non-object in C:\xampp1\htdocs\INSOR\wp-includes\class-walker-nav-menu.php on line 273
[29-Nov-2024 16:28:02 UTC] PHP Notice:  Trying to get property 'link_before' of non-object in C:\xampp1\htdocs\INSOR\wp-includes\class-walker-nav-menu.php on line 275
[29-Nov-2024 16:28:02 UTC] PHP Notice:  Trying to get property 'link_after' of non-object in C:\xampp1\htdocs\INSOR\wp-includes\class-walker-nav-menu.php on line 275
[29-Nov-2024 16:28:02 UTC] PHP Notice:  Trying to get property 'after' of non-object in C:\xampp1\htdocs\INSOR\wp-includes\class-walker-nav-menu.php on line 277
[29-Nov-2024 16:28:02 UTC] PHP Notice:  Trying to get property 'before' of non-object in C:\xampp1\htdocs\INSOR\wp-includes\class-walker-nav-menu.php on line 273
[29-Nov-2024 16:28:02 UTC] PHP Notice:  Trying to get property 'link_before' of non-object in C:\xampp1\htdocs\INSOR\wp-includes\class-walker-nav-menu.php on line 275
[29-Nov-2024 16:28:02 UTC] PHP Notice:  Trying to get property 'link_after' of non-object in C:\xampp1\htdocs\INSOR\wp-includes\class-walker-nav-menu.php on line 275
[29-Nov-2024 16:28:02 UTC] PHP Notice:  Trying to get property 'after' of non-object in C:\xampp1\htdocs\INSOR\wp-includes\class-walker-nav-menu.php on line 277
[29-Nov-2024 16:28:02 UTC] PHP Notice:  Trying to get property 'before' of non-object in C:\xampp1\htdocs\INSOR\wp-includes\class-walker-nav-menu.php on line 273
[29-Nov-2024 16:28:02 UTC] PHP Notice:  Trying to get property 'link_before' of non-object in C:\xampp1\htdocs\INSOR\wp-includes\class-walker-nav-menu.php on line 275
[29-Nov-2024 16:28:02 UTC] PHP Notice:  Trying to get property 'link_after' of non-object in C:\xampp1\htdocs\INSOR\wp-includes\class-walker-nav-menu.php on line 275
[29-Nov-2024 16:28:02 UTC] PHP Notice:  Trying to get property 'after' of non-object in C:\xampp1\htdocs\INSOR\wp-includes\class-walker-nav-menu.php on line 277
[29-Nov-2024 16:28:02 UTC] PHP Notice:  Trying to get property 'before' of non-object in C:\xampp1\htdocs\INSOR\wp-includes\class-walker-nav-menu.php on line 273
[29-Nov-2024 16:28:02 UTC] PHP Notice:  Trying to get property 'link_before' of non-object in C:\xampp1\htdocs\INSOR\wp-includes\class-walker-nav-menu.php on line 275
[29-Nov-2024 16:28:02 UTC] PHP Notice:  Trying to get property 'link_after' of non-object in C:\xampp1\htdocs\INSOR\wp-includes\class-walker-nav-menu.php on line 275
[29-Nov-2024 16:28:02 UTC] PHP Notice:  Trying to get property 'after' of non-object in C:\xampp1\htdocs\INSOR\wp-includes\class-walker-nav-menu.php on line 277
[29-Nov-2024 16:28:02 UTC] PHP Notice:  Trying to get property 'before' of non-object in C:\xampp1\htdocs\INSOR\wp-includes\class-walker-nav-menu.php on line 273
[29-Nov-2024 16:28:02 UTC] PHP Notice:  Trying to get property 'link_before' of non-object in C:\xampp1\htdocs\INSOR\wp-includes\class-walker-nav-menu.php on line 275
[29-Nov-2024 16:28:02 UTC] PHP Notice:  Trying to get property 'link_after' of non-object in C:\xampp1\htdocs\INSOR\wp-includes\class-walker-nav-menu.php on line 275
[29-Nov-2024 16:28:02 UTC] PHP Notice:  Trying to get property 'after' of non-object in C:\xampp1\htdocs\INSOR\wp-includes\class-walker-nav-menu.php on line 277
[29-Nov-2024 16:28:02 UTC] PHP Notice:  Trying to get property 'before' of non-object in C:\xampp1\htdocs\INSOR\wp-includes\class-walker-nav-menu.php on line 273
[29-Nov-2024 16:28:02 UTC] PHP Notice:  Trying to get property 'link_before' of non-object in C:\xampp1\htdocs\INSOR\wp-includes\class-walker-nav-menu.php on line 275
[29-Nov-2024 16:28:02 UTC] PHP Notice:  Trying to get property 'link_after' of non-object in C:\xampp1\htdocs\INSOR\wp-includes\class-walker-nav-menu.php on line 275
[29-Nov-2024 16:28:02 UTC] PHP Notice:  Trying to get property 'after' of non-object in C:\xampp1\htdocs\INSOR\wp-includes\class-walker-nav-menu.php on line 277
[29-Nov-2024 16:28:02 UTC] PHP Notice:  Trying to get property 'before' of non-object in C:\xampp1\htdocs\INSOR\wp-includes\class-walker-nav-menu.php on line 273
[29-Nov-2024 16:28:02 UTC] PHP Notice:  Trying to get property 'link_before' of non-object in C:\xampp1\htdocs\INSOR\wp-includes\class-walker-nav-menu.php on line 275
[29-Nov-2024 16:28:02 UTC] PHP Notice:  Trying to get property 'link_after' of non-object in C:\xampp1\htdocs\INSOR\wp-includes\class-walker-nav-menu.php on line 275
[29-Nov-2024 16:28:02 UTC] PHP Notice:  Trying to get property 'after' of non-object in C:\xampp1\htdocs\INSOR\wp-includes\class-walker-nav-menu.php on line 277
[29-Nov-2024 16:28:02 UTC] PHP Notice:  Trying to get property 'before' of non-object in C:\xampp1\htdocs\INSOR\wp-includes\class-walker-nav-menu.php on line 273
[29-Nov-2024 16:28:02 UTC] PHP Notice:  Trying to get property 'link_before' of non-object in C:\xampp1\htdocs\INSOR\wp-includes\class-walker-nav-menu.php on line 275
[29-Nov-2024 16:28:02 UTC] PHP Notice:  Trying to get property 'link_after' of non-object in C:\xampp1\htdocs\INSOR\wp-includes\class-walker-nav-menu.php on line 275
[29-Nov-2024 16:28:02 UTC] PHP Notice:  Trying to get property 'after' of non-object in C:\xampp1\htdocs\INSOR\wp-includes\class-walker-nav-menu.php on line 277
[29-Nov-2024 16:28:02 UTC] PHP Notice:  Trying to get property 'before' of non-object in C:\xampp1\htdocs\INSOR\wp-includes\class-walker-nav-menu.php on line 273
[29-Nov-2024 16:28:02 UTC] PHP Notice:  Trying to get property 'link_before' of non-object in C:\xampp1\htdocs\INSOR\wp-includes\class-walker-nav-menu.php on line 275
[29-Nov-2024 16:28:02 UTC] PHP Notice:  Trying to get property 'link_after' of non-object in C:\xampp1\htdocs\INSOR\wp-includes\class-walker-nav-menu.php on line 275
[29-Nov-2024 16:28:02 UTC] PHP Notice:  Trying to get property 'after' of non-object in C:\xampp1\htdocs\INSOR\wp-includes\class-walker-nav-menu.php on line 277
[29-Nov-2024 16:28:02 UTC] PHP Notice:  Trying to get property 'before' of non-object in C:\xampp1\htdocs\INSOR\wp-includes\class-walker-nav-menu.php on line 273
[29-Nov-2024 16:28:02 UTC] PHP Notice:  Trying to get property 'link_before' of non-object in C:\xampp1\htdocs\INSOR\wp-includes\class-walker-nav-menu.php on line 275
[29-Nov-2024 16:28:02 UTC] PHP Notice:  Trying to get property 'link_after' of non-object in C:\xampp1\htdocs\INSOR\wp-includes\class-walker-nav-menu.php on line 275
[29-Nov-2024 16:28:02 UTC] PHP Notice:  Trying to get property 'after' of non-object in C:\xampp1\htdocs\INSOR\wp-includes\class-walker-nav-menu.php on line 277
[29-Nov-2024 16:28:02 UTC] PHP Notice:  Trying to get property 'before' of non-object in C:\xampp1\htdocs\INSOR\wp-includes\class-walker-nav-menu.php on line 273
[29-Nov-2024 16:28:02 UTC] PHP Notice:  Trying to get property 'link_before' of non-object in C:\xampp1\htdocs\INSOR\wp-includes\class-walker-nav-menu.php on line 275
[29-Nov-2024 16:28:02 UTC] PHP Notice:  Trying to get property 'link_after' of non-object in C:\xampp1\htdocs\INSOR\wp-includes\class-walker-nav-menu.php on line 275
[29-Nov-2024 16:28:02 UTC] PHP Notice:  Trying to get property 'after' of non-object in C:\xampp1\htdocs\INSOR\wp-includes\class-walker-nav-menu.php on line 277
[29-Nov-2024 16:28:02 UTC] PHP Notice:  Trying to get property 'before' of non-object in C:\xampp1\htdocs\INSOR\wp-includes\class-walker-nav-menu.php on line 273
[29-Nov-2024 16:28:02 UTC] PHP Notice:  Trying to get property 'link_before' of non-object in C:\xampp1\htdocs\INSOR\wp-includes\class-walker-nav-menu.php on line 275
[29-Nov-2024 16:28:02 UTC] PHP Notice:  Trying to get property 'link_after' of non-object in C:\xampp1\htdocs\INSOR\wp-includes\class-walker-nav-menu.php on line 275
[29-Nov-2024 16:28:02 UTC] PHP Notice:  Trying to get property 'after' of non-object in C:\xampp1\htdocs\INSOR\wp-includes\class-walker-nav-menu.php on line 277
[29-Nov-2024 16:28:02 UTC] PHP Notice:  Trying to get property 'before' of non-object in C:\xampp1\htdocs\INSOR\wp-includes\class-walker-nav-menu.php on line 273
[29-Nov-2024 16:28:02 UTC] PHP Notice:  Trying to get property 'link_before' of non-object in C:\xampp1\htdocs\INSOR\wp-includes\class-walker-nav-menu.php on line 275
[29-Nov-2024 16:28:02 UTC] PHP Notice:  Trying to get property 'link_after' of non-object in C:\xampp1\htdocs\INSOR\wp-includes\class-walker-nav-menu.php on line 275
[29-Nov-2024 16:28:02 UTC] PHP Notice:  Trying to get property 'after' of non-object in C:\xampp1\htdocs\INSOR\wp-includes\class-walker-nav-menu.php on line 277
[29-Nov-2024 16:28:02 UTC] PHP Notice:  Trying to get property 'before' of non-object in C:\xampp1\htdocs\INSOR\wp-includes\class-walker-nav-menu.php on line 273
[29-Nov-2024 16:28:02 UTC] PHP Notice:  Trying to get property 'link_before' of non-object in C:\xampp1\htdocs\INSOR\wp-includes\class-walker-nav-menu.php on line 275
[29-Nov-2024 16:28:02 UTC] PHP Notice:  Trying to get property 'link_after' of non-object in C:\xampp1\htdocs\INSOR\wp-includes\class-walker-nav-menu.php on line 275
[29-Nov-2024 16:28:02 UTC] PHP Notice:  Trying to get property 'after' of non-object in C:\xampp1\htdocs\INSOR\wp-includes\class-walker-nav-menu.php on line 277
[29-Nov-2024 16:28:02 UTC] PHP Notice:  Trying to get property 'before' of non-object in C:\xampp1\htdocs\INSOR\wp-includes\class-walker-nav-menu.php on line 273
[29-Nov-2024 16:28:02 UTC] PHP Notice:  Trying to get property 'link_before' of non-object in C:\xampp1\htdocs\INSOR\wp-includes\class-walker-nav-menu.php on line 275
[29-Nov-2024 16:28:02 UTC] PHP Notice:  Trying to get property 'link_after' of non-object in C:\xampp1\htdocs\INSOR\wp-includes\class-walker-nav-menu.php on line 275
[29-Nov-2024 16:28:02 UTC] PHP Notice:  Trying to get property 'after' of non-object in C:\xampp1\htdocs\INSOR\wp-includes\class-walker-nav-menu.php on line 277
[29-Nov-2024 16:28:02 UTC] PHP Notice:  Trying to get property 'before' of non-object in C:\xampp1\htdocs\INSOR\wp-includes\class-walker-nav-menu.php on line 273
[29-Nov-2024 16:28:02 UTC] PHP Notice:  Trying to get property 'link_before' of non-object in C:\xampp1\htdocs\INSOR\wp-includes\class-walker-nav-menu.php on line 275
[29-Nov-2024 16:28:02 UTC] PHP Notice:  Trying to get property 'link_after' of non-object in C:\xampp1\htdocs\INSOR\wp-includes\class-walker-nav-menu.php on line 275
[29-Nov-2024 16:28:02 UTC] PHP Notice:  Trying to get property 'after' of non-object in C:\xampp1\htdocs\INSOR\wp-includes\class-walker-nav-menu.php on line 277
[29-Nov-2024 16:28:02 UTC] PHP Notice:  Trying to get property 'before' of non-object in C:\xampp1\htdocs\INSOR\wp-includes\class-walker-nav-menu.php on line 273
[29-Nov-2024 16:28:03 UTC] PHP Notice:  Trying to get property 'link_before' of non-object in C:\xampp1\htdocs\INSOR\wp-includes\class-walker-nav-menu.php on line 275
[29-Nov-2024 16:28:03 UTC] PHP Notice:  Trying to get property 'link_after' of non-object in C:\xampp1\htdocs\INSOR\wp-includes\class-walker-nav-menu.php on line 275
[29-Nov-2024 16:28:03 UTC] PHP Notice:  Trying to get property 'after' of non-object in C:\xampp1\htdocs\INSOR\wp-includes\class-walker-nav-menu.php on line 277
[29-Nov-2024 16:28:03 UTC] PHP Notice:  Trying to get property 'before' of non-object in C:\xampp1\htdocs\INSOR\wp-includes\class-walker-nav-menu.php on line 273
[29-Nov-2024 16:28:03 UTC] PHP Notice:  Trying to get property 'link_before' of non-object in C:\xampp1\htdocs\INSOR\wp-includes\class-walker-nav-menu.php on line 275
[29-Nov-2024 16:28:03 UTC] PHP Notice:  Trying to get property 'link_after' of non-object in C:\xampp1\htdocs\INSOR\wp-includes\class-walker-nav-menu.php on line 275
[29-Nov-2024 16:28:03 UTC] PHP Notice:  Trying to get property 'after' of non-object in C:\xampp1\htdocs\INSOR\wp-includes\class-walker-nav-menu.php on line 277
[29-Nov-2024 16:28:03 UTC] PHP Notice:  Trying to get property 'before' of non-object in C:\xampp1\htdocs\INSOR\wp-includes\class-walker-nav-menu.php on line 273
[29-Nov-2024 16:28:03 UTC] PHP Notice:  Trying to get property 'link_before' of non-object in C:\xampp1\htdocs\INSOR\wp-includes\class-walker-nav-menu.php on line 275
[29-Nov-2024 16:28:03 UTC] PHP Notice:  Trying to get property 'link_after' of non-object in C:\xampp1\htdocs\INSOR\wp-includes\class-walker-nav-menu.php on line 275
[29-Nov-2024 16:28:03 UTC] PHP Notice:  Trying to get property 'after' of non-object in C:\xampp1\htdocs\INSOR\wp-includes\class-walker-nav-menu.php on line 277
[29-Nov-2024 16:28:03 UTC] PHP Notice:  Trying to get property 'before' of non-object in C:\xampp1\htdocs\INSOR\wp-includes\class-walker-nav-menu.php on line 273
[29-Nov-2024 16:28:03 UTC] PHP Notice:  Trying to get property 'link_before' of non-object in C:\xampp1\htdocs\INSOR\wp-includes\class-walker-nav-menu.php on line 275
[29-Nov-2024 16:28:03 UTC] PHP Notice:  Trying to get property 'link_after' of non-object in C:\xampp1\htdocs\INSOR\wp-includes\class-walker-nav-menu.php on line 275
[29-Nov-2024 16:28:03 UTC] PHP Notice:  Trying to get property 'after' of non-object in C:\xampp1\htdocs\INSOR\wp-includes\class-walker-nav-menu.php on line 277
[29-Nov-2024 16:28:03 UTC] PHP Notice:  Trying to get property 'before' of non-object in C:\xampp1\htdocs\INSOR\wp-includes\class-walker-nav-menu.php on line 273
[29-Nov-2024 16:28:03 UTC] PHP Notice:  Trying to get property 'link_before' of non-object in C:\xampp1\htdocs\INSOR\wp-includes\class-walker-nav-menu.php on line 275
[29-Nov-2024 16:28:03 UTC] PHP Notice:  Trying to get property 'link_after' of non-object in C:\xampp1\htdocs\INSOR\wp-includes\class-walker-nav-menu.php on line 275
[29-Nov-2024 16:28:03 UTC] PHP Notice:  Trying to get property 'after' of non-object in C:\xampp1\htdocs\INSOR\wp-includes\class-walker-nav-menu.php on line 277
[29-Nov-2024 16:28:03 UTC] PHP Notice:  Trying to get property 'before' of non-object in C:\xampp1\htdocs\INSOR\wp-includes\class-walker-nav-menu.php on line 273
[29-Nov-2024 16:28:03 UTC] PHP Notice:  Trying to get property 'link_before' of non-object in C:\xampp1\htdocs\INSOR\wp-includes\class-walker-nav-menu.php on line 275
[29-Nov-2024 16:28:03 UTC] PHP Notice:  Trying to get property 'link_after' of non-object in C:\xampp1\htdocs\INSOR\wp-includes\class-walker-nav-menu.php on line 275
[29-Nov-2024 16:28:03 UTC] PHP Notice:  Trying to get property 'after' of non-object in C:\xampp1\htdocs\INSOR\wp-includes\class-walker-nav-menu.php on line 277
[29-Nov-2024 16:28:03 UTC] PHP Notice:  Trying to get property 'before' of non-object in C:\xampp1\htdocs\INSOR\wp-includes\class-walker-nav-menu.php on line 273
[29-Nov-2024 16:28:03 UTC] PHP Notice:  Trying to get property 'link_before' of non-object in C:\xampp1\htdocs\INSOR\wp-includes\class-walker-nav-menu.php on line 275
[29-Nov-2024 16:28:03 UTC] PHP Notice:  Trying to get property 'link_after' of non-object in C:\xampp1\htdocs\INSOR\wp-includes\class-walker-nav-menu.php on line 275
[29-Nov-2024 16:28:03 UTC] PHP Notice:  Trying to get property 'after' of non-object in C:\xampp1\htdocs\INSOR\wp-includes\class-walker-nav-menu.php on line 277
[29-Nov-2024 16:28:03 UTC] PHP Notice:  Trying to get property 'before' of non-object in C:\xampp1\htdocs\INSOR\wp-includes\class-walker-nav-menu.php on line 273
[29-Nov-2024 16:28:03 UTC] PHP Notice:  Trying to get property 'link_before' of non-object in C:\xampp1\htdocs\INSOR\wp-includes\class-walker-nav-menu.php on line 275
[29-Nov-2024 16:28:03 UTC] PHP Notice:  Trying to get property 'link_after' of non-object in C:\xampp1\htdocs\INSOR\wp-includes\class-walker-nav-menu.php on line 275
[29-Nov-2024 16:28:03 UTC] PHP Notice:  Trying to get property 'after' of non-object in C:\xampp1\htdocs\INSOR\wp-includes\class-walker-nav-menu.php on line 277
[29-Nov-2024 16:28:03 UTC] PHP Notice:  Trying to get property 'before' of non-object in C:\xampp1\htdocs\INSOR\wp-includes\class-walker-nav-menu.php on line 273
[29-Nov-2024 16:28:03 UTC] PHP Notice:  Trying to get property 'link_before' of non-object in C:\xampp1\htdocs\INSOR\wp-includes\class-walker-nav-menu.php on line 275
[29-Nov-2024 16:28:03 UTC] PHP Notice:  Trying to get property 'link_after' of non-object in C:\xampp1\htdocs\INSOR\wp-includes\class-walker-nav-menu.php on line 275
[29-Nov-2024 16:28:03 UTC] PHP Notice:  Trying to get property 'after' of non-object in C:\xampp1\htdocs\INSOR\wp-includes\class-walker-nav-menu.php on line 277
[29-Nov-2024 16:28:03 UTC] PHP Notice:  Trying to get property 'before' of non-object in C:\xampp1\htdocs\INSOR\wp-includes\class-walker-nav-menu.php on line 273
[29-Nov-2024 16:28:03 UTC] PHP Notice:  Trying to get property 'link_before' of non-object in C:\xampp1\htdocs\INSOR\wp-includes\class-walker-nav-menu.php on line 275
[29-Nov-2024 16:28:03 UTC] PHP Notice:  Trying to get property 'link_after' of non-object in C:\xampp1\htdocs\INSOR\wp-includes\class-walker-nav-menu.php on line 275
[29-Nov-2024 16:28:03 UTC] PHP Notice:  Trying to get property 'after' of non-object in C:\xampp1\htdocs\INSOR\wp-includes\class-walker-nav-menu.php on line 277
[29-Nov-2024 16:28:03 UTC] PHP Notice:  Trying to get property 'before' of non-object in C:\xampp1\htdocs\INSOR\wp-includes\class-walker-nav-menu.php on line 273
[29-Nov-2024 16:28:03 UTC] PHP Notice:  Trying to get property 'link_before' of non-object in C:\xampp1\htdocs\INSOR\wp-includes\class-walker-nav-menu.php on line 275
[29-Nov-2024 16:28:03 UTC] PHP Notice:  Trying to get property 'link_after' of non-object in C:\xampp1\htdocs\INSOR\wp-includes\class-walker-nav-menu.php on line 275
[29-Nov-2024 16:28:03 UTC] PHP Notice:  Trying to get property 'after' of non-object in C:\xampp1\htdocs\INSOR\wp-includes\class-walker-nav-menu.php on line 277
[29-Nov-2024 16:28:03 UTC] PHP Notice:  Trying to get property 'before' of non-object in C:\xampp1\htdocs\INSOR\wp-includes\class-walker-nav-menu.php on line 273
[29-Nov-2024 16:28:03 UTC] PHP Notice:  Trying to get property 'link_before' of non-object in C:\xampp1\htdocs\INSOR\wp-includes\class-walker-nav-menu.php on line 275
[29-Nov-2024 16:28:03 UTC] PHP Notice:  Trying to get property 'link_after' of non-object in C:\xampp1\htdocs\INSOR\wp-includes\class-walker-nav-menu.php on line 275
[29-Nov-2024 16:28:03 UTC] PHP Notice:  Trying to get property 'after' of non-object in C:\xampp1\htdocs\INSOR\wp-includes\class-walker-nav-menu.php on line 277
[29-Nov-2024 16:28:03 UTC] PHP Notice:  Trying to get property 'before' of non-object in C:\xampp1\htdocs\INSOR\wp-includes\class-walker-nav-menu.php on line 273
[29-Nov-2024 16:28:03 UTC] PHP Notice:  Trying to get property 'link_before' of non-object in C:\xampp1\htdocs\INSOR\wp-includes\class-walker-nav-menu.php on line 275
[29-Nov-2024 16:28:03 UTC] PHP Notice:  Trying to get property 'link_after' of non-object in C:\xampp1\htdocs\INSOR\wp-includes\class-walker-nav-menu.php on line 275
[29-Nov-2024 16:28:03 UTC] PHP Notice:  Trying to get property 'after' of non-object in C:\xampp1\htdocs\INSOR\wp-includes\class-walker-nav-menu.php on line 277
[29-Nov-2024 16:28:03 UTC] PHP Notice:  Trying to get property 'before' of non-object in C:\xampp1\htdocs\INSOR\wp-includes\class-walker-nav-menu.php on line 273
[29-Nov-2024 16:28:03 UTC] PHP Notice:  Trying to get property 'link_before' of non-object in C:\xampp1\htdocs\INSOR\wp-includes\class-walker-nav-menu.php on line 275
[29-Nov-2024 16:28:03 UTC] PHP Notice:  Trying to get property 'link_after' of non-object in C:\xampp1\htdocs\INSOR\wp-includes\class-walker-nav-menu.php on line 275
[29-Nov-2024 16:28:03 UTC] PHP Notice:  Trying to get property 'after' of non-object in C:\xampp1\htdocs\INSOR\wp-includes\class-walker-nav-menu.php on line 277
[29-Nov-2024 16:28:03 UTC] PHP Notice:  Trying to get property 'before' of non-object in C:\xampp1\htdocs\INSOR\wp-includes\class-walker-nav-menu.php on line 273
[29-Nov-2024 16:28:03 UTC] PHP Notice:  Trying to get property 'link_before' of non-object in C:\xampp1\htdocs\INSOR\wp-includes\class-walker-nav-menu.php on line 275
[29-Nov-2024 16:28:03 UTC] PHP Notice:  Trying to get property 'link_after' of non-object in C:\xampp1\htdocs\INSOR\wp-includes\class-walker-nav-menu.php on line 275
[29-Nov-2024 16:28:03 UTC] PHP Notice:  Trying to get property 'after' of non-object in C:\xampp1\htdocs\INSOR\wp-includes\class-walker-nav-menu.php on line 277
[29-Nov-2024 16:28:03 UTC] PHP Notice:  Trying to get property 'before' of non-object in C:\xampp1\htdocs\INSOR\wp-includes\class-walker-nav-menu.php on line 273
[29-Nov-2024 16:28:03 UTC] PHP Notice:  Trying to get property 'link_before' of non-object in C:\xampp1\htdocs\INSOR\wp-includes\class-walker-nav-menu.php on line 275
[29-Nov-2024 16:28:03 UTC] PHP Notice:  Trying to get property 'link_after' of non-object in C:\xampp1\htdocs\INSOR\wp-includes\class-walker-nav-menu.php on line 275
[29-Nov-2024 16:28:03 UTC] PHP Notice:  Trying to get property 'after' of non-object in C:\xampp1\htdocs\INSOR\wp-includes\class-walker-nav-menu.php on line 277
[29-Nov-2024 16:28:03 UTC] PHP Notice:  Trying to get property 'before' of non-object in C:\xampp1\htdocs\INSOR\wp-includes\class-walker-nav-menu.php on line 273
[29-Nov-2024 16:28:03 UTC] PHP Notice:  Trying to get property 'link_before' of non-object in C:\xampp1\htdocs\INSOR\wp-includes\class-walker-nav-menu.php on line 275
[29-Nov-2024 16:28:03 UTC] PHP Notice:  Trying to get property 'link_after' of non-object in C:\xampp1\htdocs\INSOR\wp-includes\class-walker-nav-menu.php on line 275
[29-Nov-2024 16:28:03 UTC] PHP Notice:  Trying to get property 'after' of non-object in C:\xampp1\htdocs\INSOR\wp-includes\class-walker-nav-menu.php on line 277
[29-Nov-2024 16:28:03 UTC] PHP Notice:  Trying to get property 'before' of non-object in C:\xampp1\htdocs\INSOR\wp-includes\class-walker-nav-menu.php on line 273
[29-Nov-2024 16:28:03 UTC] PHP Notice:  Trying to get property 'link_before' of non-object in C:\xampp1\htdocs\INSOR\wp-includes\class-walker-nav-menu.php on line 275
[29-Nov-2024 16:28:03 UTC] PHP Notice:  Trying to get property 'link_after' of non-object in C:\xampp1\htdocs\INSOR\wp-includes\class-walker-nav-menu.php on line 275
[29-Nov-2024 16:28:03 UTC] PHP Notice:  Trying to get property 'after' of non-object in C:\xampp1\htdocs\INSOR\wp-includes\class-walker-nav-menu.php on line 277
[29-Nov-2024 16:28:03 UTC] PHP Notice:  Trying to get property 'before' of non-object in C:\xampp1\htdocs\INSOR\wp-includes\class-walker-nav-menu.php on line 273
[29-Nov-2024 16:28:03 UTC] PHP Notice:  Trying to get property 'link_before' of non-object in C:\xampp1\htdocs\INSOR\wp-includes\class-walker-nav-menu.php on line 275
[29-Nov-2024 16:28:03 UTC] PHP Notice:  Trying to get property 'link_after' of non-object in C:\xampp1\htdocs\INSOR\wp-includes\class-walker-nav-menu.php on line 275
[29-Nov-2024 16:28:03 UTC] PHP Notice:  Trying to get property 'after' of non-object in C:\xampp1\htdocs\INSOR\wp-includes\class-walker-nav-menu.php on line 277
[29-Nov-2024 16:31:03 UTC] PHP Notice:  Trying to get property 'before' of non-object in C:\xampp1\htdocs\INSOR\wp-includes\class-walker-nav-menu.php on line 273
[29-Nov-2024 16:31:03 UTC] PHP Notice:  Trying to get property 'link_before' of non-object in C:\xampp1\htdocs\INSOR\wp-includes\class-walker-nav-menu.php on line 275
[29-Nov-2024 16:31:03 UTC] PHP Notice:  Trying to get property 'link_after' of non-object in C:\xampp1\htdocs\INSOR\wp-includes\class-walker-nav-menu.php on line 275
[29-Nov-2024 16:31:03 UTC] PHP Notice:  Trying to get property 'after' of non-object in C:\xampp1\htdocs\INSOR\wp-includes\class-walker-nav-menu.php on line 277
[29-Nov-2024 16:31:03 UTC] PHP Notice:  Trying to get property 'before' of non-object in C:\xampp1\htdocs\INSOR\wp-includes\class-walker-nav-menu.php on line 273
[29-Nov-2024 16:31:03 UTC] PHP Notice:  Trying to get property 'link_before' of non-object in C:\xampp1\htdocs\INSOR\wp-includes\class-walker-nav-menu.php on line 275
[29-Nov-2024 16:31:03 UTC] PHP Notice:  Trying to get property 'link_after' of non-object in C:\xampp1\htdocs\INSOR\wp-includes\class-walker-nav-menu.php on line 275
[29-Nov-2024 16:31:03 UTC] PHP Notice:  Trying to get property 'after' of non-object in C:\xampp1\htdocs\INSOR\wp-includes\class-walker-nav-menu.php on line 277
[29-Nov-2024 16:31:03 UTC] PHP Notice:  Trying to get property 'before' of non-object in C:\xampp1\htdocs\INSOR\wp-includes\class-walker-nav-menu.php on line 273
[29-Nov-2024 16:31:03 UTC] PHP Notice:  Trying to get property 'link_before' of non-object in C:\xampp1\htdocs\INSOR\wp-includes\class-walker-nav-menu.php on line 275
[29-Nov-2024 16:31:03 UTC] PHP Notice:  Trying to get property 'link_after' of non-object in C:\xampp1\htdocs\INSOR\wp-includes\class-walker-nav-menu.php on line 275
[29-Nov-2024 16:31:03 UTC] PHP Notice:  Trying to get property 'after' of non-object in C:\xampp1\htdocs\INSOR\wp-includes\class-walker-nav-menu.php on line 277
[29-Nov-2024 16:31:03 UTC] PHP Notice:  Trying to get property 'before' of non-object in C:\xampp1\htdocs\INSOR\wp-includes\class-walker-nav-menu.php on line 273
[29-Nov-2024 16:31:03 UTC] PHP Notice:  Trying to get property 'link_before' of non-object in C:\xampp1\htdocs\INSOR\wp-includes\class-walker-nav-menu.php on line 275
[29-Nov-2024 16:31:03 UTC] PHP Notice:  Trying to get property 'link_after' of non-object in C:\xampp1\htdocs\INSOR\wp-includes\class-walker-nav-menu.php on line 275
[29-Nov-2024 16:31:03 UTC] PHP Notice:  Trying to get property 'after' of non-object in C:\xampp1\htdocs\INSOR\wp-includes\class-walker-nav-menu.php on line 277
[29-Nov-2024 16:31:03 UTC] PHP Notice:  Trying to get property 'before' of non-object in C:\xampp1\htdocs\INSOR\wp-includes\class-walker-nav-menu.php on line 273
[29-Nov-2024 16:31:03 UTC] PHP Notice:  Trying to get property 'link_before' of non-object in C:\xampp1\htdocs\INSOR\wp-includes\class-walker-nav-menu.php on line 275
[29-Nov-2024 16:31:03 UTC] PHP Notice:  Trying to get property 'link_after' of non-object in C:\xampp1\htdocs\INSOR\wp-includes\class-walker-nav-menu.php on line 275
[29-Nov-2024 16:31:03 UTC] PHP Notice:  Trying to get property 'after' of non-object in C:\xampp1\htdocs\INSOR\wp-includes\class-walker-nav-menu.php on line 277
[29-Nov-2024 16:31:03 UTC] PHP Notice:  Trying to get property 'before' of non-object in C:\xampp1\htdocs\INSOR\wp-includes\class-walker-nav-menu.php on line 273
[29-Nov-2024 16:31:03 UTC] PHP Notice:  Trying to get property 'link_before' of non-object in C:\xampp1\htdocs\INSOR\wp-includes\class-walker-nav-menu.php on line 275
[29-Nov-2024 16:31:03 UTC] PHP Notice:  Trying to get property 'link_after' of non-object in C:\xampp1\htdocs\INSOR\wp-includes\class-walker-nav-menu.php on line 275
[29-Nov-2024 16:31:03 UTC] PHP Notice:  Trying to get property 'after' of non-object in C:\xampp1\htdocs\INSOR\wp-includes\class-walker-nav-menu.php on line 277
[29-Nov-2024 16:31:03 UTC] PHP Notice:  Trying to get property 'before' of non-object in C:\xampp1\htdocs\INSOR\wp-includes\class-walker-nav-menu.php on line 273
[29-Nov-2024 16:31:03 UTC] PHP Notice:  Trying to get property 'link_before' of non-object in C:\xampp1\htdocs\INSOR\wp-includes\class-walker-nav-menu.php on line 275
[29-Nov-2024 16:31:03 UTC] PHP Notice:  Trying to get property 'link_after' of non-object in C:\xampp1\htdocs\INSOR\wp-includes\class-walker-nav-menu.php on line 275
[29-Nov-2024 16:31:03 UTC] PHP Notice:  Trying to get property 'after' of non-object in C:\xampp1\htdocs\INSOR\wp-includes\class-walker-nav-menu.php on line 277
[29-Nov-2024 16:31:03 UTC] PHP Notice:  Trying to get property 'before' of non-object in C:\xampp1\htdocs\INSOR\wp-includes\class-walker-nav-menu.php on line 273
[29-Nov-2024 16:31:03 UTC] PHP Notice:  Trying to get property 'link_before' of non-object in C:\xampp1\htdocs\INSOR\wp-includes\class-walker-nav-menu.php on line 275
[29-Nov-2024 16:31:03 UTC] PHP Notice:  Trying to get property 'link_after' of non-object in C:\xampp1\htdocs\INSOR\wp-includes\class-walker-nav-menu.php on line 275
[29-Nov-2024 16:31:03 UTC] PHP Notice:  Trying to get property 'after' of non-object in C:\xampp1\htdocs\INSOR\wp-includes\class-walker-nav-menu.php on line 277
[29-Nov-2024 16:31:03 UTC] PHP Notice:  Trying to get property 'before' of non-object in C:\xampp1\htdocs\INSOR\wp-includes\class-walker-nav-menu.php on line 273
[29-Nov-2024 16:31:03 UTC] PHP Notice:  Trying to get property 'link_before' of non-object in C:\xampp1\htdocs\INSOR\wp-includes\class-walker-nav-menu.php on line 275
[29-Nov-2024 16:31:03 UTC] PHP Notice:  Trying to get property 'link_after' of non-object in C:\xampp1\htdocs\INSOR\wp-includes\class-walker-nav-menu.php on line 275
[29-Nov-2024 16:31:03 UTC] PHP Notice:  Trying to get property 'after' of non-object in C:\xampp1\htdocs\INSOR\wp-includes\class-walker-nav-menu.php on line 277
[29-Nov-2024 16:31:03 UTC] PHP Notice:  Trying to get property 'before' of non-object in C:\xampp1\htdocs\INSOR\wp-includes\class-walker-nav-menu.php on line 273
[29-Nov-2024 16:31:03 UTC] PHP Notice:  Trying to get property 'link_before' of non-object in C:\xampp1\htdocs\INSOR\wp-includes\class-walker-nav-menu.php on line 275
[29-Nov-2024 16:31:03 UTC] PHP Notice:  Trying to get property 'link_after' of non-object in C:\xampp1\htdocs\INSOR\wp-includes\class-walker-nav-menu.php on line 275
[29-Nov-2024 16:31:03 UTC] PHP Notice:  Trying to get property 'after' of non-object in C:\xampp1\htdocs\INSOR\wp-includes\class-walker-nav-menu.php on line 277
[29-Nov-2024 16:31:03 UTC] PHP Notice:  Trying to get property 'before' of non-object in C:\xampp1\htdocs\INSOR\wp-includes\class-walker-nav-menu.php on line 273
[29-Nov-2024 16:31:03 UTC] PHP Notice:  Trying to get property 'link_before' of non-object in C:\xampp1\htdocs\INSOR\wp-includes\class-walker-nav-menu.php on line 275
[29-Nov-2024 16:31:03 UTC] PHP Notice:  Trying to get property 'link_after' of non-object in C:\xampp1\htdocs\INSOR\wp-includes\class-walker-nav-menu.php on line 275
[29-Nov-2024 16:31:03 UTC] PHP Notice:  Trying to get property 'after' of non-object in C:\xampp1\htdocs\INSOR\wp-includes\class-walker-nav-menu.php on line 277
[29-Nov-2024 16:31:03 UTC] PHP Notice:  Trying to get property 'before' of non-object in C:\xampp1\htdocs\INSOR\wp-includes\class-walker-nav-menu.php on line 273
[29-Nov-2024 16:31:03 UTC] PHP Notice:  Trying to get property 'link_before' of non-object in C:\xampp1\htdocs\INSOR\wp-includes\class-walker-nav-menu.php on line 275
[29-Nov-2024 16:31:03 UTC] PHP Notice:  Trying to get property 'link_after' of non-object in C:\xampp1\htdocs\INSOR\wp-includes\class-walker-nav-menu.php on line 275
[29-Nov-2024 16:31:03 UTC] PHP Notice:  Trying to get property 'after' of non-object in C:\xampp1\htdocs\INSOR\wp-includes\class-walker-nav-menu.php on line 277
[29-Nov-2024 16:31:03 UTC] PHP Notice:  Trying to get property 'before' of non-object in C:\xampp1\htdocs\INSOR\wp-includes\class-walker-nav-menu.php on line 273
[29-Nov-2024 16:31:03 UTC] PHP Notice:  Trying to get property 'link_before' of non-object in C:\xampp1\htdocs\INSOR\wp-includes\class-walker-nav-menu.php on line 275
[29-Nov-2024 16:31:03 UTC] PHP Notice:  Trying to get property 'link_after' of non-object in C:\xampp1\htdocs\INSOR\wp-includes\class-walker-nav-menu.php on line 275
[29-Nov-2024 16:31:03 UTC] PHP Notice:  Trying to get property 'after' of non-object in C:\xampp1\htdocs\INSOR\wp-includes\class-walker-nav-menu.php on line 277
[29-Nov-2024 16:31:03 UTC] PHP Notice:  Trying to get property 'before' of non-object in C:\xampp1\htdocs\INSOR\wp-includes\class-walker-nav-menu.php on line 273
[29-Nov-2024 16:31:03 UTC] PHP Notice:  Trying to get property 'link_before' of non-object in C:\xampp1\htdocs\INSOR\wp-includes\class-walker-nav-menu.php on line 275
[29-Nov-2024 16:31:03 UTC] PHP Notice:  Trying to get property 'link_after' of non-object in C:\xampp1\htdocs\INSOR\wp-includes\class-walker-nav-menu.php on line 275
[29-Nov-2024 16:31:03 UTC] PHP Notice:  Trying to get property 'after' of non-object in C:\xampp1\htdocs\INSOR\wp-includes\class-walker-nav-menu.php on line 277
[29-Nov-2024 16:31:03 UTC] PHP Notice:  Trying to get property 'before' of non-object in C:\xampp1\htdocs\INSOR\wp-includes\class-walker-nav-menu.php on line 273
[29-Nov-2024 16:31:03 UTC] PHP Notice:  Trying to get property 'link_before' of non-object in C:\xampp1\htdocs\INSOR\wp-includes\class-walker-nav-menu.php on line 275
[29-Nov-2024 16:31:03 UTC] PHP Notice:  Trying to get property 'link_after' of non-object in C:\xampp1\htdocs\INSOR\wp-includes\class-walker-nav-menu.php on line 275
[29-Nov-2024 16:31:03 UTC] PHP Notice:  Trying to get property 'after' of non-object in C:\xampp1\htdocs\INSOR\wp-includes\class-walker-nav-menu.php on line 277
[29-Nov-2024 16:31:03 UTC] PHP Notice:  Trying to get property 'before' of non-object in C:\xampp1\htdocs\INSOR\wp-includes\class-walker-nav-menu.php on line 273
[29-Nov-2024 16:31:03 UTC] PHP Notice:  Trying to get property 'link_before' of non-object in C:\xampp1\htdocs\INSOR\wp-includes\class-walker-nav-menu.php on line 275
[29-Nov-2024 16:31:03 UTC] PHP Notice:  Trying to get property 'link_after' of non-object in C:\xampp1\htdocs\INSOR\wp-includes\class-walker-nav-menu.php on line 275
[29-Nov-2024 16:31:03 UTC] PHP Notice:  Trying to get property 'after' of non-object in C:\xampp1\htdocs\INSOR\wp-includes\class-walker-nav-menu.php on line 277
[29-Nov-2024 16:31:03 UTC] PHP Notice:  Trying to get property 'before' of non-object in C:\xampp1\htdocs\INSOR\wp-includes\class-walker-nav-menu.php on line 273
[29-Nov-2024 16:31:03 UTC] PHP Notice:  Trying to get property 'link_before' of non-object in C:\xampp1\htdocs\INSOR\wp-includes\class-walker-nav-menu.php on line 275
[29-Nov-2024 16:31:03 UTC] PHP Notice:  Trying to get property 'link_after' of non-object in C:\xampp1\htdocs\INSOR\wp-includes\class-walker-nav-menu.php on line 275
[29-Nov-2024 16:31:03 UTC] PHP Notice:  Trying to get property 'after' of non-object in C:\xampp1\htdocs\INSOR\wp-includes\class-walker-nav-menu.php on line 277
[29-Nov-2024 16:31:03 UTC] PHP Notice:  Trying to get property 'before' of non-object in C:\xampp1\htdocs\INSOR\wp-includes\class-walker-nav-menu.php on line 273
[29-Nov-2024 16:31:03 UTC] PHP Notice:  Trying to get property 'link_before' of non-object in C:\xampp1\htdocs\INSOR\wp-includes\class-walker-nav-menu.php on line 275
[29-Nov-2024 16:31:03 UTC] PHP Notice:  Trying to get property 'link_after' of non-object in C:\xampp1\htdocs\INSOR\wp-includes\class-walker-nav-menu.php on line 275
[29-Nov-2024 16:31:03 UTC] PHP Notice:  Trying to get property 'after' of non-object in C:\xampp1\htdocs\INSOR\wp-includes\class-walker-nav-menu.php on line 277
[29-Nov-2024 16:31:03 UTC] PHP Notice:  Trying to get property 'before' of non-object in C:\xampp1\htdocs\INSOR\wp-includes\class-walker-nav-menu.php on line 273
[29-Nov-2024 16:31:03 UTC] PHP Notice:  Trying to get property 'link_before' of non-object in C:\xampp1\htdocs\INSOR\wp-includes\class-walker-nav-menu.php on line 275
[29-Nov-2024 16:31:03 UTC] PHP Notice:  Trying to get property 'link_after' of non-object in C:\xampp1\htdocs\INSOR\wp-includes\class-walker-nav-menu.php on line 275
[29-Nov-2024 16:31:03 UTC] PHP Notice:  Trying to get property 'after' of non-object in C:\xampp1\htdocs\INSOR\wp-includes\class-walker-nav-menu.php on line 277
[29-Nov-2024 16:31:03 UTC] PHP Notice:  Trying to get property 'before' of non-object in C:\xampp1\htdocs\INSOR\wp-includes\class-walker-nav-menu.php on line 273
[29-Nov-2024 16:31:03 UTC] PHP Notice:  Trying to get property 'link_before' of non-object in C:\xampp1\htdocs\INSOR\wp-includes\class-walker-nav-menu.php on line 275
[29-Nov-2024 16:31:03 UTC] PHP Notice:  Trying to get property 'link_after' of non-object in C:\xampp1\htdocs\INSOR\wp-includes\class-walker-nav-menu.php on line 275
[29-Nov-2024 16:31:03 UTC] PHP Notice:  Trying to get property 'after' of non-object in C:\xampp1\htdocs\INSOR\wp-includes\class-walker-nav-menu.php on line 277
[29-Nov-2024 16:31:03 UTC] PHP Notice:  Trying to get property 'before' of non-object in C:\xampp1\htdocs\INSOR\wp-includes\class-walker-nav-menu.php on line 273
[29-Nov-2024 16:31:03 UTC] PHP Notice:  Trying to get property 'link_before' of non-object in C:\xampp1\htdocs\INSOR\wp-includes\class-walker-nav-menu.php on line 275
[29-Nov-2024 16:31:03 UTC] PHP Notice:  Trying to get property 'link_after' of non-object in C:\xampp1\htdocs\INSOR\wp-includes\class-walker-nav-menu.php on line 275
[29-Nov-2024 16:31:03 UTC] PHP Notice:  Trying to get property 'after' of non-object in C:\xampp1\htdocs\INSOR\wp-includes\class-walker-nav-menu.php on line 277
[29-Nov-2024 16:31:03 UTC] PHP Notice:  Trying to get property 'before' of non-object in C:\xampp1\htdocs\INSOR\wp-includes\class-walker-nav-menu.php on line 273
[29-Nov-2024 16:31:03 UTC] PHP Notice:  Trying to get property 'link_before' of non-object in C:\xampp1\htdocs\INSOR\wp-includes\class-walker-nav-menu.php on line 275
[29-Nov-2024 16:31:03 UTC] PHP Notice:  Trying to get property 'link_after' of non-object in C:\xampp1\htdocs\INSOR\wp-includes\class-walker-nav-menu.php on line 275
[29-Nov-2024 16:31:03 UTC] PHP Notice:  Trying to get property 'after' of non-object in C:\xampp1\htdocs\INSOR\wp-includes\class-walker-nav-menu.php on line 277
[29-Nov-2024 16:31:03 UTC] PHP Notice:  Trying to get property 'before' of non-object in C:\xampp1\htdocs\INSOR\wp-includes\class-walker-nav-menu.php on line 273
[29-Nov-2024 16:31:03 UTC] PHP Notice:  Trying to get property 'link_before' of non-object in C:\xampp1\htdocs\INSOR\wp-includes\class-walker-nav-menu.php on line 275
[29-Nov-2024 16:31:03 UTC] PHP Notice:  Trying to get property 'link_after' of non-object in C:\xampp1\htdocs\INSOR\wp-includes\class-walker-nav-menu.php on line 275
[29-Nov-2024 16:31:03 UTC] PHP Notice:  Trying to get property 'after' of non-object in C:\xampp1\htdocs\INSOR\wp-includes\class-walker-nav-menu.php on line 277
[29-Nov-2024 16:31:03 UTC] PHP Notice:  Trying to get property 'before' of non-object in C:\xampp1\htdocs\INSOR\wp-includes\class-walker-nav-menu.php on line 273
[29-Nov-2024 16:31:03 UTC] PHP Notice:  Trying to get property 'link_before' of non-object in C:\xampp1\htdocs\INSOR\wp-includes\class-walker-nav-menu.php on line 275
[29-Nov-2024 16:31:03 UTC] PHP Notice:  Trying to get property 'link_after' of non-object in C:\xampp1\htdocs\INSOR\wp-includes\class-walker-nav-menu.php on line 275
[29-Nov-2024 16:31:03 UTC] PHP Notice:  Trying to get property 'after' of non-object in C:\xampp1\htdocs\INSOR\wp-includes\class-walker-nav-menu.php on line 277
[29-Nov-2024 16:31:03 UTC] PHP Notice:  Trying to get property 'before' of non-object in C:\xampp1\htdocs\INSOR\wp-includes\class-walker-nav-menu.php on line 273
[29-Nov-2024 16:31:03 UTC] PHP Notice:  Trying to get property 'link_before' of non-object in C:\xampp1\htdocs\INSOR\wp-includes\class-walker-nav-menu.php on line 275
[29-Nov-2024 16:31:03 UTC] PHP Notice:  Trying to get property 'link_after' of non-object in C:\xampp1\htdocs\INSOR\wp-includes\class-walker-nav-menu.php on line 275
[29-Nov-2024 16:31:03 UTC] PHP Notice:  Trying to get property 'after' of non-object in C:\xampp1\htdocs\INSOR\wp-includes\class-walker-nav-menu.php on line 277
[29-Nov-2024 16:31:03 UTC] PHP Notice:  Trying to get property 'before' of non-object in C:\xampp1\htdocs\INSOR\wp-includes\class-walker-nav-menu.php on line 273
[29-Nov-2024 16:31:03 UTC] PHP Notice:  Trying to get property 'link_before' of non-object in C:\xampp1\htdocs\INSOR\wp-includes\class-walker-nav-menu.php on line 275
[29-Nov-2024 16:31:03 UTC] PHP Notice:  Trying to get property 'link_after' of non-object in C:\xampp1\htdocs\INSOR\wp-includes\class-walker-nav-menu.php on line 275
[29-Nov-2024 16:31:03 UTC] PHP Notice:  Trying to get property 'after' of non-object in C:\xampp1\htdocs\INSOR\wp-includes\class-walker-nav-menu.php on line 277
[29-Nov-2024 16:31:03 UTC] PHP Notice:  Trying to get property 'before' of non-object in C:\xampp1\htdocs\INSOR\wp-includes\class-walker-nav-menu.php on line 273
[29-Nov-2024 16:31:03 UTC] PHP Notice:  Trying to get property 'link_before' of non-object in C:\xampp1\htdocs\INSOR\wp-includes\class-walker-nav-menu.php on line 275
[29-Nov-2024 16:31:03 UTC] PHP Notice:  Trying to get property 'link_after' of non-object in C:\xampp1\htdocs\INSOR\wp-includes\class-walker-nav-menu.php on line 275
[29-Nov-2024 16:31:03 UTC] PHP Notice:  Trying to get property 'after' of non-object in C:\xampp1\htdocs\INSOR\wp-includes\class-walker-nav-menu.php on line 277
[29-Nov-2024 16:31:03 UTC] PHP Notice:  Trying to get property 'before' of non-object in C:\xampp1\htdocs\INSOR\wp-includes\class-walker-nav-menu.php on line 273
[29-Nov-2024 16:31:04 UTC] PHP Notice:  Trying to get property 'link_before' of non-object in C:\xampp1\htdocs\INSOR\wp-includes\class-walker-nav-menu.php on line 275
[29-Nov-2024 16:31:04 UTC] PHP Notice:  Trying to get property 'link_after' of non-object in C:\xampp1\htdocs\INSOR\wp-includes\class-walker-nav-menu.php on line 275
[29-Nov-2024 16:31:04 UTC] PHP Notice:  Trying to get property 'after' of non-object in C:\xampp1\htdocs\INSOR\wp-includes\class-walker-nav-menu.php on line 277
[29-Nov-2024 16:31:04 UTC] PHP Notice:  Trying to get property 'before' of non-object in C:\xampp1\htdocs\INSOR\wp-includes\class-walker-nav-menu.php on line 273
[29-Nov-2024 16:31:04 UTC] PHP Notice:  Trying to get property 'link_before' of non-object in C:\xampp1\htdocs\INSOR\wp-includes\class-walker-nav-menu.php on line 275
[29-Nov-2024 16:31:04 UTC] PHP Notice:  Trying to get property 'link_after' of non-object in C:\xampp1\htdocs\INSOR\wp-includes\class-walker-nav-menu.php on line 275
[29-Nov-2024 16:31:04 UTC] PHP Notice:  Trying to get property 'after' of non-object in C:\xampp1\htdocs\INSOR\wp-includes\class-walker-nav-menu.php on line 277
[29-Nov-2024 16:31:04 UTC] PHP Notice:  Trying to get property 'before' of non-object in C:\xampp1\htdocs\INSOR\wp-includes\class-walker-nav-menu.php on line 273
[29-Nov-2024 16:31:04 UTC] PHP Notice:  Trying to get property 'link_before' of non-object in C:\xampp1\htdocs\INSOR\wp-includes\class-walker-nav-menu.php on line 275
[29-Nov-2024 16:31:04 UTC] PHP Notice:  Trying to get property 'link_after' of non-object in C:\xampp1\htdocs\INSOR\wp-includes\class-walker-nav-menu.php on line 275
[29-Nov-2024 16:31:04 UTC] PHP Notice:  Trying to get property 'after' of non-object in C:\xampp1\htdocs\INSOR\wp-includes\class-walker-nav-menu.php on line 277
[29-Nov-2024 16:31:04 UTC] PHP Notice:  Trying to get property 'before' of non-object in C:\xampp1\htdocs\INSOR\wp-includes\class-walker-nav-menu.php on line 273
[29-Nov-2024 16:31:04 UTC] PHP Notice:  Trying to get property 'link_before' of non-object in C:\xampp1\htdocs\INSOR\wp-includes\class-walker-nav-menu.php on line 275
[29-Nov-2024 16:31:04 UTC] PHP Notice:  Trying to get property 'link_after' of non-object in C:\xampp1\htdocs\INSOR\wp-includes\class-walker-nav-menu.php on line 275
[29-Nov-2024 16:31:04 UTC] PHP Notice:  Trying to get property 'after' of non-object in C:\xampp1\htdocs\INSOR\wp-includes\class-walker-nav-menu.php on line 277
[29-Nov-2024 16:31:04 UTC] PHP Notice:  Trying to get property 'before' of non-object in C:\xampp1\htdocs\INSOR\wp-includes\class-walker-nav-menu.php on line 273
[29-Nov-2024 16:31:04 UTC] PHP Notice:  Trying to get property 'link_before' of non-object in C:\xampp1\htdocs\INSOR\wp-includes\class-walker-nav-menu.php on line 275
[29-Nov-2024 16:31:04 UTC] PHP Notice:  Trying to get property 'link_after' of non-object in C:\xampp1\htdocs\INSOR\wp-includes\class-walker-nav-menu.php on line 275
[29-Nov-2024 16:31:04 UTC] PHP Notice:  Trying to get property 'after' of non-object in C:\xampp1\htdocs\INSOR\wp-includes\class-walker-nav-menu.php on line 277
[29-Nov-2024 16:31:04 UTC] PHP Notice:  Trying to get property 'before' of non-object in C:\xampp1\htdocs\INSOR\wp-includes\class-walker-nav-menu.php on line 273
[29-Nov-2024 16:31:04 UTC] PHP Notice:  Trying to get property 'link_before' of non-object in C:\xampp1\htdocs\INSOR\wp-includes\class-walker-nav-menu.php on line 275
[29-Nov-2024 16:31:04 UTC] PHP Notice:  Trying to get property 'link_after' of non-object in C:\xampp1\htdocs\INSOR\wp-includes\class-walker-nav-menu.php on line 275
[29-Nov-2024 16:31:04 UTC] PHP Notice:  Trying to get property 'after' of non-object in C:\xampp1\htdocs\INSOR\wp-includes\class-walker-nav-menu.php on line 277
[29-Nov-2024 16:31:04 UTC] PHP Notice:  Trying to get property 'before' of non-object in C:\xampp1\htdocs\INSOR\wp-includes\class-walker-nav-menu.php on line 273
[29-Nov-2024 16:31:04 UTC] PHP Notice:  Trying to get property 'link_before' of non-object in C:\xampp1\htdocs\INSOR\wp-includes\class-walker-nav-menu.php on line 275
[29-Nov-2024 16:31:04 UTC] PHP Notice:  Trying to get property 'link_after' of non-object in C:\xampp1\htdocs\INSOR\wp-includes\class-walker-nav-menu.php on line 275
[29-Nov-2024 16:31:04 UTC] PHP Notice:  Trying to get property 'after' of non-object in C:\xampp1\htdocs\INSOR\wp-includes\class-walker-nav-menu.php on line 277
[29-Nov-2024 16:31:04 UTC] PHP Notice:  Trying to get property 'before' of non-object in C:\xampp1\htdocs\INSOR\wp-includes\class-walker-nav-menu.php on line 273
[29-Nov-2024 16:31:04 UTC] PHP Notice:  Trying to get property 'link_before' of non-object in C:\xampp1\htdocs\INSOR\wp-includes\class-walker-nav-menu.php on line 275
[29-Nov-2024 16:31:04 UTC] PHP Notice:  Trying to get property 'link_after' of non-object in C:\xampp1\htdocs\INSOR\wp-includes\class-walker-nav-menu.php on line 275
[29-Nov-2024 16:31:04 UTC] PHP Notice:  Trying to get property 'after' of non-object in C:\xampp1\htdocs\INSOR\wp-includes\class-walker-nav-menu.php on line 277
[29-Nov-2024 16:31:04 UTC] PHP Notice:  Trying to get property 'before' of non-object in C:\xampp1\htdocs\INSOR\wp-includes\class-walker-nav-menu.php on line 273
[29-Nov-2024 16:31:04 UTC] PHP Notice:  Trying to get property 'link_before' of non-object in C:\xampp1\htdocs\INSOR\wp-includes\class-walker-nav-menu.php on line 275
[29-Nov-2024 16:31:04 UTC] PHP Notice:  Trying to get property 'link_after' of non-object in C:\xampp1\htdocs\INSOR\wp-includes\class-walker-nav-menu.php on line 275
[29-Nov-2024 16:31:04 UTC] PHP Notice:  Trying to get property 'after' of non-object in C:\xampp1\htdocs\INSOR\wp-includes\class-walker-nav-menu.php on line 277
[29-Nov-2024 16:31:04 UTC] PHP Notice:  Trying to get property 'before' of non-object in C:\xampp1\htdocs\INSOR\wp-includes\class-walker-nav-menu.php on line 273
[29-Nov-2024 16:31:04 UTC] PHP Notice:  Trying to get property 'link_before' of non-object in C:\xampp1\htdocs\INSOR\wp-includes\class-walker-nav-menu.php on line 275
[29-Nov-2024 16:31:04 UTC] PHP Notice:  Trying to get property 'link_after' of non-object in C:\xampp1\htdocs\INSOR\wp-includes\class-walker-nav-menu.php on line 275
[29-Nov-2024 16:31:04 UTC] PHP Notice:  Trying to get property 'after' of non-object in C:\xampp1\htdocs\INSOR\wp-includes\class-walker-nav-menu.php on line 277
[29-Nov-2024 16:31:04 UTC] PHP Notice:  Trying to get property 'before' of non-object in C:\xampp1\htdocs\INSOR\wp-includes\class-walker-nav-menu.php on line 273
[29-Nov-2024 16:31:04 UTC] PHP Notice:  Trying to get property 'link_before' of non-object in C:\xampp1\htdocs\INSOR\wp-includes\class-walker-nav-menu.php on line 275
[29-Nov-2024 16:31:04 UTC] PHP Notice:  Trying to get property 'link_after' of non-object in C:\xampp1\htdocs\INSOR\wp-includes\class-walker-nav-menu.php on line 275
[29-Nov-2024 16:31:04 UTC] PHP Notice:  Trying to get property 'after' of non-object in C:\xampp1\htdocs\INSOR\wp-includes\class-walker-nav-menu.php on line 277
[29-Nov-2024 16:31:04 UTC] PHP Notice:  Trying to get property 'before' of non-object in C:\xampp1\htdocs\INSOR\wp-includes\class-walker-nav-menu.php on line 273
[29-Nov-2024 16:31:04 UTC] PHP Notice:  Trying to get property 'link_before' of non-object in C:\xampp1\htdocs\INSOR\wp-includes\class-walker-nav-menu.php on line 275
[29-Nov-2024 16:31:04 UTC] PHP Notice:  Trying to get property 'link_after' of non-object in C:\xampp1\htdocs\INSOR\wp-includes\class-walker-nav-menu.php on line 275
[29-Nov-2024 16:31:04 UTC] PHP Notice:  Trying to get property 'after' of non-object in C:\xampp1\htdocs\INSOR\wp-includes\class-walker-nav-menu.php on line 277
[29-Nov-2024 16:31:04 UTC] PHP Notice:  Trying to get property 'before' of non-object in C:\xampp1\htdocs\INSOR\wp-includes\class-walker-nav-menu.php on line 273
[29-Nov-2024 16:31:04 UTC] PHP Notice:  Trying to get property 'link_before' of non-object in C:\xampp1\htdocs\INSOR\wp-includes\class-walker-nav-menu.php on line 275
[29-Nov-2024 16:31:04 UTC] PHP Notice:  Trying to get property 'link_after' of non-object in C:\xampp1\htdocs\INSOR\wp-includes\class-walker-nav-menu.php on line 275
[29-Nov-2024 16:31:04 UTC] PHP Notice:  Trying to get property 'after' of non-object in C:\xampp1\htdocs\INSOR\wp-includes\class-walker-nav-menu.php on line 277
[29-Nov-2024 16:31:04 UTC] PHP Notice:  Trying to get property 'before' of non-object in C:\xampp1\htdocs\INSOR\wp-includes\class-walker-nav-menu.php on line 273
[29-Nov-2024 16:31:04 UTC] PHP Notice:  Trying to get property 'link_before' of non-object in C:\xampp1\htdocs\INSOR\wp-includes\class-walker-nav-menu.php on line 275
[29-Nov-2024 16:31:04 UTC] PHP Notice:  Trying to get property 'link_after' of non-object in C:\xampp1\htdocs\INSOR\wp-includes\class-walker-nav-menu.php on line 275
[29-Nov-2024 16:31:04 UTC] PHP Notice:  Trying to get property 'after' of non-object in C:\xampp1\htdocs\INSOR\wp-includes\class-walker-nav-menu.php on line 277
[29-Nov-2024 16:31:04 UTC] PHP Notice:  Trying to get property 'before' of non-object in C:\xampp1\htdocs\INSOR\wp-includes\class-walker-nav-menu.php on line 273
[29-Nov-2024 16:31:04 UTC] PHP Notice:  Trying to get property 'link_before' of non-object in C:\xampp1\htdocs\INSOR\wp-includes\class-walker-nav-menu.php on line 275
[29-Nov-2024 16:31:04 UTC] PHP Notice:  Trying to get property 'link_after' of non-object in C:\xampp1\htdocs\INSOR\wp-includes\class-walker-nav-menu.php on line 275
[29-Nov-2024 16:31:04 UTC] PHP Notice:  Trying to get property 'after' of non-object in C:\xampp1\htdocs\INSOR\wp-includes\class-walker-nav-menu.php on line 277
[29-Nov-2024 16:31:04 UTC] PHP Notice:  Trying to get property 'before' of non-object in C:\xampp1\htdocs\INSOR\wp-includes\class-walker-nav-menu.php on line 273
[29-Nov-2024 16:31:04 UTC] PHP Notice:  Trying to get property 'link_before' of non-object in C:\xampp1\htdocs\INSOR\wp-includes\class-walker-nav-menu.php on line 275
[29-Nov-2024 16:31:04 UTC] PHP Notice:  Trying to get property 'link_after' of non-object in C:\xampp1\htdocs\INSOR\wp-includes\class-walker-nav-menu.php on line 275
[29-Nov-2024 16:31:04 UTC] PHP Notice:  Trying to get property 'after' of non-object in C:\xampp1\htdocs\INSOR\wp-includes\class-walker-nav-menu.php on line 277
[29-Nov-2024 16:31:04 UTC] PHP Notice:  Trying to get property 'before' of non-object in C:\xampp1\htdocs\INSOR\wp-includes\class-walker-nav-menu.php on line 273
[29-Nov-2024 16:31:04 UTC] PHP Notice:  Trying to get property 'link_before' of non-object in C:\xampp1\htdocs\INSOR\wp-includes\class-walker-nav-menu.php on line 275
[29-Nov-2024 16:31:04 UTC] PHP Notice:  Trying to get property 'link_after' of non-object in C:\xampp1\htdocs\INSOR\wp-includes\class-walker-nav-menu.php on line 275
[29-Nov-2024 16:31:04 UTC] PHP Notice:  Trying to get property 'after' of non-object in C:\xampp1\htdocs\INSOR\wp-includes\class-walker-nav-menu.php on line 277
[29-Nov-2024 16:31:04 UTC] PHP Notice:  Trying to get property 'before' of non-object in C:\xampp1\htdocs\INSOR\wp-includes\class-walker-nav-menu.php on line 273
[29-Nov-2024 16:31:04 UTC] PHP Notice:  Trying to get property 'link_before' of non-object in C:\xampp1\htdocs\INSOR\wp-includes\class-walker-nav-menu.php on line 275
[29-Nov-2024 16:31:04 UTC] PHP Notice:  Trying to get property 'link_after' of non-object in C:\xampp1\htdocs\INSOR\wp-includes\class-walker-nav-menu.php on line 275
[29-Nov-2024 16:31:04 UTC] PHP Notice:  Trying to get property 'after' of non-object in C:\xampp1\htdocs\INSOR\wp-includes\class-walker-nav-menu.php on line 277
[29-Nov-2024 16:31:04 UTC] PHP Notice:  Trying to get property 'before' of non-object in C:\xampp1\htdocs\INSOR\wp-includes\class-walker-nav-menu.php on line 273
[29-Nov-2024 16:31:04 UTC] PHP Notice:  Trying to get property 'link_before' of non-object in C:\xampp1\htdocs\INSOR\wp-includes\class-walker-nav-menu.php on line 275
[29-Nov-2024 16:31:04 UTC] PHP Notice:  Trying to get property 'link_after' of non-object in C:\xampp1\htdocs\INSOR\wp-includes\class-walker-nav-menu.php on line 275
[29-Nov-2024 16:31:04 UTC] PHP Notice:  Trying to get property 'after' of non-object in C:\xampp1\htdocs\INSOR\wp-includes\class-walker-nav-menu.php on line 277
[29-Nov-2024 16:31:04 UTC] PHP Notice:  Trying to get property 'before' of non-object in C:\xampp1\htdocs\INSOR\wp-includes\class-walker-nav-menu.php on line 273
[29-Nov-2024 16:31:04 UTC] PHP Notice:  Trying to get property 'link_before' of non-object in C:\xampp1\htdocs\INSOR\wp-includes\class-walker-nav-menu.php on line 275
[29-Nov-2024 16:31:04 UTC] PHP Notice:  Trying to get property 'link_after' of non-object in C:\xampp1\htdocs\INSOR\wp-includes\class-walker-nav-menu.php on line 275
[29-Nov-2024 16:31:04 UTC] PHP Notice:  Trying to get property 'after' of non-object in C:\xampp1\htdocs\INSOR\wp-includes\class-walker-nav-menu.php on line 277
[29-Nov-2024 16:31:04 UTC] PHP Notice:  Trying to get property 'before' of non-object in C:\xampp1\htdocs\INSOR\wp-includes\class-walker-nav-menu.php on line 273
[29-Nov-2024 16:31:04 UTC] PHP Notice:  Trying to get property 'link_before' of non-object in C:\xampp1\htdocs\INSOR\wp-includes\class-walker-nav-menu.php on line 275
[29-Nov-2024 16:31:04 UTC] PHP Notice:  Trying to get property 'link_after' of non-object in C:\xampp1\htdocs\INSOR\wp-includes\class-walker-nav-menu.php on line 275
[29-Nov-2024 16:31:04 UTC] PHP Notice:  Trying to get property 'after' of non-object in C:\xampp1\htdocs\INSOR\wp-includes\class-walker-nav-menu.php on line 277
[29-Nov-2024 16:31:04 UTC] PHP Notice:  Trying to get property 'before' of non-object in C:\xampp1\htdocs\INSOR\wp-includes\class-walker-nav-menu.php on line 273
[29-Nov-2024 16:31:04 UTC] PHP Notice:  Trying to get property 'link_before' of non-object in C:\xampp1\htdocs\INSOR\wp-includes\class-walker-nav-menu.php on line 275
[29-Nov-2024 16:31:04 UTC] PHP Notice:  Trying to get property 'link_after' of non-object in C:\xampp1\htdocs\INSOR\wp-includes\class-walker-nav-menu.php on line 275
[29-Nov-2024 16:31:04 UTC] PHP Notice:  Trying to get property 'after' of non-object in C:\xampp1\htdocs\INSOR\wp-includes\class-walker-nav-menu.php on line 277
[29-Nov-2024 16:31:04 UTC] PHP Notice:  Trying to get property 'before' of non-object in C:\xampp1\htdocs\INSOR\wp-includes\class-walker-nav-menu.php on line 273
[29-Nov-2024 16:31:04 UTC] PHP Notice:  Trying to get property 'link_before' of non-object in C:\xampp1\htdocs\INSOR\wp-includes\class-walker-nav-menu.php on line 275
[29-Nov-2024 16:31:04 UTC] PHP Notice:  Trying to get property 'link_after' of non-object in C:\xampp1\htdocs\INSOR\wp-includes\class-walker-nav-menu.php on line 275
[29-Nov-2024 16:31:04 UTC] PHP Notice:  Trying to get property 'after' of non-object in C:\xampp1\htdocs\INSOR\wp-includes\class-walker-nav-menu.php on line 277
[29-Nov-2024 16:31:04 UTC] PHP Notice:  Trying to get property 'before' of non-object in C:\xampp1\htdocs\INSOR\wp-includes\class-walker-nav-menu.php on line 273
[29-Nov-2024 16:31:04 UTC] PHP Notice:  Trying to get property 'link_before' of non-object in C:\xampp1\htdocs\INSOR\wp-includes\class-walker-nav-menu.php on line 275
[29-Nov-2024 16:31:04 UTC] PHP Notice:  Trying to get property 'link_after' of non-object in C:\xampp1\htdocs\INSOR\wp-includes\class-walker-nav-menu.php on line 275
[29-Nov-2024 16:31:04 UTC] PHP Notice:  Trying to get property 'after' of non-object in C:\xampp1\htdocs\INSOR\wp-includes\class-walker-nav-menu.php on line 277
[29-Nov-2024 16:31:04 UTC] PHP Notice:  Trying to get property 'before' of non-object in C:\xampp1\htdocs\INSOR\wp-includes\class-walker-nav-menu.php on line 273
[29-Nov-2024 16:31:04 UTC] PHP Notice:  Trying to get property 'link_before' of non-object in C:\xampp1\htdocs\INSOR\wp-includes\class-walker-nav-menu.php on line 275
[29-Nov-2024 16:31:04 UTC] PHP Notice:  Trying to get property 'link_after' of non-object in C:\xampp1\htdocs\INSOR\wp-includes\class-walker-nav-menu.php on line 275
[29-Nov-2024 16:31:04 UTC] PHP Notice:  Trying to get property 'after' of non-object in C:\xampp1\htdocs\INSOR\wp-includes\class-walker-nav-menu.php on line 277
[29-Nov-2024 16:31:04 UTC] PHP Notice:  Trying to get property 'before' of non-object in C:\xampp1\htdocs\INSOR\wp-includes\class-walker-nav-menu.php on line 273
[29-Nov-2024 16:31:04 UTC] PHP Notice:  Trying to get property 'link_before' of non-object in C:\xampp1\htdocs\INSOR\wp-includes\class-walker-nav-menu.php on line 275
[29-Nov-2024 16:31:04 UTC] PHP Notice:  Trying to get property 'link_after' of non-object in C:\xampp1\htdocs\INSOR\wp-includes\class-walker-nav-menu.php on line 275
[29-Nov-2024 16:31:04 UTC] PHP Notice:  Trying to get property 'after' of non-object in C:\xampp1\htdocs\INSOR\wp-includes\class-walker-nav-menu.php on line 277
[29-Nov-2024 16:31:04 UTC] PHP Notice:  Trying to get property 'before' of non-object in C:\xampp1\htdocs\INSOR\wp-includes\class-walker-nav-menu.php on line 273
[29-Nov-2024 16:31:04 UTC] PHP Notice:  Trying to get property 'link_before' of non-object in C:\xampp1\htdocs\INSOR\wp-includes\class-walker-nav-menu.php on line 275
[29-Nov-2024 16:31:04 UTC] PHP Notice:  Trying to get property 'link_after' of non-object in C:\xampp1\htdocs\INSOR\wp-includes\class-walker-nav-menu.php on line 275
[29-Nov-2024 16:31:04 UTC] PHP Notice:  Trying to get property 'after' of non-object in C:\xampp1\htdocs\INSOR\wp-includes\class-walker-nav-menu.php on line 277
[29-Nov-2024 16:31:04 UTC] PHP Notice:  Trying to get property 'before' of non-object in C:\xampp1\htdocs\INSOR\wp-includes\class-walker-nav-menu.php on line 273
[29-Nov-2024 16:31:04 UTC] PHP Notice:  Trying to get property 'link_before' of non-object in C:\xampp1\htdocs\INSOR\wp-includes\class-walker-nav-menu.php on line 275
[29-Nov-2024 16:31:04 UTC] PHP Notice:  Trying to get property 'link_after' of non-object in C:\xampp1\htdocs\INSOR\wp-includes\class-walker-nav-menu.php on line 275
[29-Nov-2024 16:31:04 UTC] PHP Notice:  Trying to get property 'after' of non-object in C:\xampp1\htdocs\INSOR\wp-includes\class-walker-nav-menu.php on line 277
[29-Nov-2024 16:31:04 UTC] PHP Notice:  Trying to get property 'before' of non-object in C:\xampp1\htdocs\INSOR\wp-includes\class-walker-nav-menu.php on line 273
[29-Nov-2024 16:31:04 UTC] PHP Notice:  Trying to get property 'link_before' of non-object in C:\xampp1\htdocs\INSOR\wp-includes\class-walker-nav-menu.php on line 275
[29-Nov-2024 16:31:04 UTC] PHP Notice:  Trying to get property 'link_after' of non-object in C:\xampp1\htdocs\INSOR\wp-includes\class-walker-nav-menu.php on line 275
[29-Nov-2024 16:31:04 UTC] PHP Notice:  Trying to get property 'after' of non-object in C:\xampp1\htdocs\INSOR\wp-includes\class-walker-nav-menu.php on line 277
[29-Nov-2024 16:31:04 UTC] PHP Notice:  Trying to get property 'before' of non-object in C:\xampp1\htdocs\INSOR\wp-includes\class-walker-nav-menu.php on line 273
[29-Nov-2024 16:31:04 UTC] PHP Notice:  Trying to get property 'link_before' of non-object in C:\xampp1\htdocs\INSOR\wp-includes\class-walker-nav-menu.php on line 275
[29-Nov-2024 16:31:04 UTC] PHP Notice:  Trying to get property 'link_after' of non-object in C:\xampp1\htdocs\INSOR\wp-includes\class-walker-nav-menu.php on line 275
[29-Nov-2024 16:31:04 UTC] PHP Notice:  Trying to get property 'after' of non-object in C:\xampp1\htdocs\INSOR\wp-includes\class-walker-nav-menu.php on line 277
[29-Nov-2024 16:31:04 UTC] PHP Notice:  Trying to get property 'before' of non-object in C:\xampp1\htdocs\INSOR\wp-includes\class-walker-nav-menu.php on line 273
[29-Nov-2024 16:31:04 UTC] PHP Notice:  Trying to get property 'link_before' of non-object in C:\xampp1\htdocs\INSOR\wp-includes\class-walker-nav-menu.php on line 275
[29-Nov-2024 16:31:04 UTC] PHP Notice:  Trying to get property 'link_after' of non-object in C:\xampp1\htdocs\INSOR\wp-includes\class-walker-nav-menu.php on line 275
[29-Nov-2024 16:31:04 UTC] PHP Notice:  Trying to get property 'after' of non-object in C:\xampp1\htdocs\INSOR\wp-includes\class-walker-nav-menu.php on line 277
[29-Nov-2024 16:31:04 UTC] PHP Notice:  Trying to get property 'before' of non-object in C:\xampp1\htdocs\INSOR\wp-includes\class-walker-nav-menu.php on line 273
[29-Nov-2024 16:31:04 UTC] PHP Notice:  Trying to get property 'link_before' of non-object in C:\xampp1\htdocs\INSOR\wp-includes\class-walker-nav-menu.php on line 275
[29-Nov-2024 16:31:04 UTC] PHP Notice:  Trying to get property 'link_after' of non-object in C:\xampp1\htdocs\INSOR\wp-includes\class-walker-nav-menu.php on line 275
[29-Nov-2024 16:31:04 UTC] PHP Notice:  Trying to get property 'after' of non-object in C:\xampp1\htdocs\INSOR\wp-includes\class-walker-nav-menu.php on line 277
[29-Nov-2024 16:31:04 UTC] PHP Notice:  Trying to get property 'before' of non-object in C:\xampp1\htdocs\INSOR\wp-includes\class-walker-nav-menu.php on line 273
[29-Nov-2024 16:31:04 UTC] PHP Notice:  Trying to get property 'link_before' of non-object in C:\xampp1\htdocs\INSOR\wp-includes\class-walker-nav-menu.php on line 275
[29-Nov-2024 16:31:04 UTC] PHP Notice:  Trying to get property 'link_after' of non-object in C:\xampp1\htdocs\INSOR\wp-includes\class-walker-nav-menu.php on line 275
[29-Nov-2024 16:31:04 UTC] PHP Notice:  Trying to get property 'after' of non-object in C:\xampp1\htdocs\INSOR\wp-includes\class-walker-nav-menu.php on line 277
[29-Nov-2024 16:31:04 UTC] PHP Notice:  Trying to get property 'before' of non-object in C:\xampp1\htdocs\INSOR\wp-includes\class-walker-nav-menu.php on line 273
[29-Nov-2024 16:31:04 UTC] PHP Notice:  Trying to get property 'link_before' of non-object in C:\xampp1\htdocs\INSOR\wp-includes\class-walker-nav-menu.php on line 275
[29-Nov-2024 16:31:04 UTC] PHP Notice:  Trying to get property 'link_after' of non-object in C:\xampp1\htdocs\INSOR\wp-includes\class-walker-nav-menu.php on line 275
[29-Nov-2024 16:31:04 UTC] PHP Notice:  Trying to get property 'after' of non-object in C:\xampp1\htdocs\INSOR\wp-includes\class-walker-nav-menu.php on line 277
[29-Nov-2024 16:31:04 UTC] PHP Notice:  Trying to get property 'before' of non-object in C:\xampp1\htdocs\INSOR\wp-includes\class-walker-nav-menu.php on line 273
[29-Nov-2024 16:31:04 UTC] PHP Notice:  Trying to get property 'link_before' of non-object in C:\xampp1\htdocs\INSOR\wp-includes\class-walker-nav-menu.php on line 275
[29-Nov-2024 16:31:04 UTC] PHP Notice:  Trying to get property 'link_after' of non-object in C:\xampp1\htdocs\INSOR\wp-includes\class-walker-nav-menu.php on line 275
[29-Nov-2024 16:31:04 UTC] PHP Notice:  Trying to get property 'after' of non-object in C:\xampp1\htdocs\INSOR\wp-includes\class-walker-nav-menu.php on line 277
[29-Nov-2024 16:31:04 UTC] PHP Notice:  Trying to get property 'before' of non-object in C:\xampp1\htdocs\INSOR\wp-includes\class-walker-nav-menu.php on line 273
[29-Nov-2024 16:31:04 UTC] PHP Notice:  Trying to get property 'link_before' of non-object in C:\xampp1\htdocs\INSOR\wp-includes\class-walker-nav-menu.php on line 275
[29-Nov-2024 16:31:04 UTC] PHP Notice:  Trying to get property 'link_after' of non-object in C:\xampp1\htdocs\INSOR\wp-includes\class-walker-nav-menu.php on line 275
[29-Nov-2024 16:31:04 UTC] PHP Notice:  Trying to get property 'after' of non-object in C:\xampp1\htdocs\INSOR\wp-includes\class-walker-nav-menu.php on line 277
[29-Nov-2024 16:31:04 UTC] PHP Notice:  Trying to get property 'before' of non-object in C:\xampp1\htdocs\INSOR\wp-includes\class-walker-nav-menu.php on line 273
[29-Nov-2024 16:31:04 UTC] PHP Notice:  Trying to get property 'link_before' of non-object in C:\xampp1\htdocs\INSOR\wp-includes\class-walker-nav-menu.php on line 275
[29-Nov-2024 16:31:04 UTC] PHP Notice:  Trying to get property 'link_after' of non-object in C:\xampp1\htdocs\INSOR\wp-includes\class-walker-nav-menu.php on line 275
[29-Nov-2024 16:31:04 UTC] PHP Notice:  Trying to get property 'after' of non-object in C:\xampp1\htdocs\INSOR\wp-includes\class-walker-nav-menu.php on line 277
[29-Nov-2024 16:31:04 UTC] PHP Notice:  Trying to get property 'before' of non-object in C:\xampp1\htdocs\INSOR\wp-includes\class-walker-nav-menu.php on line 273
[29-Nov-2024 16:31:04 UTC] PHP Notice:  Trying to get property 'link_before' of non-object in C:\xampp1\htdocs\INSOR\wp-includes\class-walker-nav-menu.php on line 275
[29-Nov-2024 16:31:04 UTC] PHP Notice:  Trying to get property 'link_after' of non-object in C:\xampp1\htdocs\INSOR\wp-includes\class-walker-nav-menu.php on line 275
[29-Nov-2024 16:31:04 UTC] PHP Notice:  Trying to get property 'after' of non-object in C:\xampp1\htdocs\INSOR\wp-includes\class-walker-nav-menu.php on line 277
[29-Nov-2024 16:31:04 UTC] PHP Notice:  Trying to get property 'before' of non-object in C:\xampp1\htdocs\INSOR\wp-includes\class-walker-nav-menu.php on line 273
[29-Nov-2024 16:31:04 UTC] PHP Notice:  Trying to get property 'link_before' of non-object in C:\xampp1\htdocs\INSOR\wp-includes\class-walker-nav-menu.php on line 275
[29-Nov-2024 16:31:04 UTC] PHP Notice:  Trying to get property 'link_after' of non-object in C:\xampp1\htdocs\INSOR\wp-includes\class-walker-nav-menu.php on line 275
[29-Nov-2024 16:31:04 UTC] PHP Notice:  Trying to get property 'after' of non-object in C:\xampp1\htdocs\INSOR\wp-includes\class-walker-nav-menu.php on line 277
[29-Nov-2024 16:31:04 UTC] PHP Notice:  Trying to get property 'before' of non-object in C:\xampp1\htdocs\INSOR\wp-includes\class-walker-nav-menu.php on line 273
[29-Nov-2024 16:31:04 UTC] PHP Notice:  Trying to get property 'link_before' of non-object in C:\xampp1\htdocs\INSOR\wp-includes\class-walker-nav-menu.php on line 275
[29-Nov-2024 16:31:04 UTC] PHP Notice:  Trying to get property 'link_after' of non-object in C:\xampp1\htdocs\INSOR\wp-includes\class-walker-nav-menu.php on line 275
[29-Nov-2024 16:31:04 UTC] PHP Notice:  Trying to get property 'after' of non-object in C:\xampp1\htdocs\INSOR\wp-includes\class-walker-nav-menu.php on line 277
[29-Nov-2024 16:31:04 UTC] PHP Notice:  Trying to get property 'before' of non-object in C:\xampp1\htdocs\INSOR\wp-includes\class-walker-nav-menu.php on line 273
[29-Nov-2024 16:31:04 UTC] PHP Notice:  Trying to get property 'link_before' of non-object in C:\xampp1\htdocs\INSOR\wp-includes\class-walker-nav-menu.php on line 275
[29-Nov-2024 16:31:04 UTC] PHP Notice:  Trying to get property 'link_after' of non-object in C:\xampp1\htdocs\INSOR\wp-includes\class-walker-nav-menu.php on line 275
[29-Nov-2024 16:31:04 UTC] PHP Notice:  Trying to get property 'after' of non-object in C:\xampp1\htdocs\INSOR\wp-includes\class-walker-nav-menu.php on line 277
[29-Nov-2024 16:31:04 UTC] PHP Notice:  Trying to get property 'before' of non-object in C:\xampp1\htdocs\INSOR\wp-includes\class-walker-nav-menu.php on line 273
[29-Nov-2024 16:31:04 UTC] PHP Notice:  Trying to get property 'link_before' of non-object in C:\xampp1\htdocs\INSOR\wp-includes\class-walker-nav-menu.php on line 275
[29-Nov-2024 16:31:04 UTC] PHP Notice:  Trying to get property 'link_after' of non-object in C:\xampp1\htdocs\INSOR\wp-includes\class-walker-nav-menu.php on line 275
[29-Nov-2024 16:31:04 UTC] PHP Notice:  Trying to get property 'after' of non-object in C:\xampp1\htdocs\INSOR\wp-includes\class-walker-nav-menu.php on line 277
[29-Nov-2024 16:31:04 UTC] PHP Notice:  Trying to get property 'before' of non-object in C:\xampp1\htdocs\INSOR\wp-includes\class-walker-nav-menu.php on line 273
[29-Nov-2024 16:31:04 UTC] PHP Notice:  Trying to get property 'link_before' of non-object in C:\xampp1\htdocs\INSOR\wp-includes\class-walker-nav-menu.php on line 275
[29-Nov-2024 16:31:04 UTC] PHP Notice:  Trying to get property 'link_after' of non-object in C:\xampp1\htdocs\INSOR\wp-includes\class-walker-nav-menu.php on line 275
[29-Nov-2024 16:31:04 UTC] PHP Notice:  Trying to get property 'after' of non-object in C:\xampp1\htdocs\INSOR\wp-includes\class-walker-nav-menu.php on line 277
[29-Nov-2024 16:31:04 UTC] PHP Notice:  Trying to get property 'before' of non-object in C:\xampp1\htdocs\INSOR\wp-includes\class-walker-nav-menu.php on line 273
[29-Nov-2024 16:31:04 UTC] PHP Notice:  Trying to get property 'link_before' of non-object in C:\xampp1\htdocs\INSOR\wp-includes\class-walker-nav-menu.php on line 275
[29-Nov-2024 16:31:04 UTC] PHP Notice:  Trying to get property 'link_after' of non-object in C:\xampp1\htdocs\INSOR\wp-includes\class-walker-nav-menu.php on line 275
[29-Nov-2024 16:31:04 UTC] PHP Notice:  Trying to get property 'after' of non-object in C:\xampp1\htdocs\INSOR\wp-includes\class-walker-nav-menu.php on line 277
[29-Nov-2024 16:31:04 UTC] PHP Notice:  Trying to get property 'before' of non-object in C:\xampp1\htdocs\INSOR\wp-includes\class-walker-nav-menu.php on line 273
[29-Nov-2024 16:31:04 UTC] PHP Notice:  Trying to get property 'link_before' of non-object in C:\xampp1\htdocs\INSOR\wp-includes\class-walker-nav-menu.php on line 275
[29-Nov-2024 16:31:04 UTC] PHP Notice:  Trying to get property 'link_after' of non-object in C:\xampp1\htdocs\INSOR\wp-includes\class-walker-nav-menu.php on line 275
[29-Nov-2024 16:31:04 UTC] PHP Notice:  Trying to get property 'after' of non-object in C:\xampp1\htdocs\INSOR\wp-includes\class-walker-nav-menu.php on line 277
[29-Nov-2024 16:31:04 UTC] PHP Notice:  Trying to get property 'before' of non-object in C:\xampp1\htdocs\INSOR\wp-includes\class-walker-nav-menu.php on line 273
[29-Nov-2024 16:31:04 UTC] PHP Notice:  Trying to get property 'link_before' of non-object in C:\xampp1\htdocs\INSOR\wp-includes\class-walker-nav-menu.php on line 275
[29-Nov-2024 16:31:04 UTC] PHP Notice:  Trying to get property 'link_after' of non-object in C:\xampp1\htdocs\INSOR\wp-includes\class-walker-nav-menu.php on line 275
[29-Nov-2024 16:31:04 UTC] PHP Notice:  Trying to get property 'after' of non-object in C:\xampp1\htdocs\INSOR\wp-includes\class-walker-nav-menu.php on line 277
[29-Nov-2024 16:31:04 UTC] PHP Notice:  Trying to get property 'before' of non-object in C:\xampp1\htdocs\INSOR\wp-includes\class-walker-nav-menu.php on line 273
[29-Nov-2024 16:31:04 UTC] PHP Notice:  Trying to get property 'link_before' of non-object in C:\xampp1\htdocs\INSOR\wp-includes\class-walker-nav-menu.php on line 275
[29-Nov-2024 16:31:04 UTC] PHP Notice:  Trying to get property 'link_after' of non-object in C:\xampp1\htdocs\INSOR\wp-includes\class-walker-nav-menu.php on line 275
[29-Nov-2024 16:31:04 UTC] PHP Notice:  Trying to get property 'after' of non-object in C:\xampp1\htdocs\INSOR\wp-includes\class-walker-nav-menu.php on line 277
[29-Nov-2024 16:31:04 UTC] PHP Notice:  Trying to get property 'before' of non-object in C:\xampp1\htdocs\INSOR\wp-includes\class-walker-nav-menu.php on line 273
[29-Nov-2024 16:31:04 UTC] PHP Notice:  Trying to get property 'link_before' of non-object in C:\xampp1\htdocs\INSOR\wp-includes\class-walker-nav-menu.php on line 275
[29-Nov-2024 16:31:04 UTC] PHP Notice:  Trying to get property 'link_after' of non-object in C:\xampp1\htdocs\INSOR\wp-includes\class-walker-nav-menu.php on line 275
[29-Nov-2024 16:31:04 UTC] PHP Notice:  Trying to get property 'after' of non-object in C:\xampp1\htdocs\INSOR\wp-includes\class-walker-nav-menu.php on line 277
[29-Nov-2024 16:31:04 UTC] PHP Notice:  Trying to get property 'before' of non-object in C:\xampp1\htdocs\INSOR\wp-includes\class-walker-nav-menu.php on line 273
[29-Nov-2024 16:31:04 UTC] PHP Notice:  Trying to get property 'link_before' of non-object in C:\xampp1\htdocs\INSOR\wp-includes\class-walker-nav-menu.php on line 275
[29-Nov-2024 16:31:04 UTC] PHP Notice:  Trying to get property 'link_after' of non-object in C:\xampp1\htdocs\INSOR\wp-includes\class-walker-nav-menu.php on line 275
[29-Nov-2024 16:31:04 UTC] PHP Notice:  Trying to get property 'after' of non-object in C:\xampp1\htdocs\INSOR\wp-includes\class-walker-nav-menu.php on line 277
[29-Nov-2024 16:31:04 UTC] PHP Notice:  Trying to get property 'before' of non-object in C:\xampp1\htdocs\INSOR\wp-includes\class-walker-nav-menu.php on line 273
[29-Nov-2024 16:31:04 UTC] PHP Notice:  Trying to get property 'link_before' of non-object in C:\xampp1\htdocs\INSOR\wp-includes\class-walker-nav-menu.php on line 275
[29-Nov-2024 16:31:04 UTC] PHP Notice:  Trying to get property 'link_after' of non-object in C:\xampp1\htdocs\INSOR\wp-includes\class-walker-nav-menu.php on line 275
[29-Nov-2024 16:31:04 UTC] PHP Notice:  Trying to get property 'after' of non-object in C:\xampp1\htdocs\INSOR\wp-includes\class-walker-nav-menu.php on line 277
[29-Nov-2024 16:31:04 UTC] PHP Notice:  Trying to get property 'before' of non-object in C:\xampp1\htdocs\INSOR\wp-includes\class-walker-nav-menu.php on line 273
[29-Nov-2024 16:31:04 UTC] PHP Notice:  Trying to get property 'link_before' of non-object in C:\xampp1\htdocs\INSOR\wp-includes\class-walker-nav-menu.php on line 275
[29-Nov-2024 16:31:04 UTC] PHP Notice:  Trying to get property 'link_after' of non-object in C:\xampp1\htdocs\INSOR\wp-includes\class-walker-nav-menu.php on line 275
[29-Nov-2024 16:31:04 UTC] PHP Notice:  Trying to get property 'after' of non-object in C:\xampp1\htdocs\INSOR\wp-includes\class-walker-nav-menu.php on line 277
[29-Nov-2024 16:31:04 UTC] PHP Notice:  Trying to get property 'before' of non-object in C:\xampp1\htdocs\INSOR\wp-includes\class-walker-nav-menu.php on line 273
[29-Nov-2024 16:31:04 UTC] PHP Notice:  Trying to get property 'link_before' of non-object in C:\xampp1\htdocs\INSOR\wp-includes\class-walker-nav-menu.php on line 275
[29-Nov-2024 16:31:04 UTC] PHP Notice:  Trying to get property 'link_after' of non-object in C:\xampp1\htdocs\INSOR\wp-includes\class-walker-nav-menu.php on line 275
[29-Nov-2024 16:31:04 UTC] PHP Notice:  Trying to get property 'after' of non-object in C:\xampp1\htdocs\INSOR\wp-includes\class-walker-nav-menu.php on line 277
[29-Nov-2024 16:31:04 UTC] PHP Notice:  Trying to get property 'before' of non-object in C:\xampp1\htdocs\INSOR\wp-includes\class-walker-nav-menu.php on line 273
[29-Nov-2024 16:31:04 UTC] PHP Notice:  Trying to get property 'link_before' of non-object in C:\xampp1\htdocs\INSOR\wp-includes\class-walker-nav-menu.php on line 275
[29-Nov-2024 16:31:04 UTC] PHP Notice:  Trying to get property 'link_after' of non-object in C:\xampp1\htdocs\INSOR\wp-includes\class-walker-nav-menu.php on line 275
[29-Nov-2024 16:31:04 UTC] PHP Notice:  Trying to get property 'after' of non-object in C:\xampp1\htdocs\INSOR\wp-includes\class-walker-nav-menu.php on line 277
[29-Nov-2024 16:31:04 UTC] PHP Notice:  Trying to get property 'before' of non-object in C:\xampp1\htdocs\INSOR\wp-includes\class-walker-nav-menu.php on line 273
[29-Nov-2024 16:31:04 UTC] PHP Notice:  Trying to get property 'link_before' of non-object in C:\xampp1\htdocs\INSOR\wp-includes\class-walker-nav-menu.php on line 275
[29-Nov-2024 16:31:04 UTC] PHP Notice:  Trying to get property 'link_after' of non-object in C:\xampp1\htdocs\INSOR\wp-includes\class-walker-nav-menu.php on line 275
[29-Nov-2024 16:31:04 UTC] PHP Notice:  Trying to get property 'after' of non-object in C:\xampp1\htdocs\INSOR\wp-includes\class-walker-nav-menu.php on line 277
[29-Nov-2024 16:31:04 UTC] PHP Notice:  Trying to get property 'before' of non-object in C:\xampp1\htdocs\INSOR\wp-includes\class-walker-nav-menu.php on line 273
[29-Nov-2024 16:31:04 UTC] PHP Notice:  Trying to get property 'link_before' of non-object in C:\xampp1\htdocs\INSOR\wp-includes\class-walker-nav-menu.php on line 275
[29-Nov-2024 16:31:04 UTC] PHP Notice:  Trying to get property 'link_after' of non-object in C:\xampp1\htdocs\INSOR\wp-includes\class-walker-nav-menu.php on line 275
[29-Nov-2024 16:31:04 UTC] PHP Notice:  Trying to get property 'after' of non-object in C:\xampp1\htdocs\INSOR\wp-includes\class-walker-nav-menu.php on line 277
[29-Nov-2024 16:31:04 UTC] PHP Notice:  Trying to get property 'before' of non-object in C:\xampp1\htdocs\INSOR\wp-includes\class-walker-nav-menu.php on line 273
[29-Nov-2024 16:31:04 UTC] PHP Notice:  Trying to get property 'link_before' of non-object in C:\xampp1\htdocs\INSOR\wp-includes\class-walker-nav-menu.php on line 275
[29-Nov-2024 16:31:04 UTC] PHP Notice:  Trying to get property 'link_after' of non-object in C:\xampp1\htdocs\INSOR\wp-includes\class-walker-nav-menu.php on line 275
[29-Nov-2024 16:31:04 UTC] PHP Notice:  Trying to get property 'after' of non-object in C:\xampp1\htdocs\INSOR\wp-includes\class-walker-nav-menu.php on line 277
[29-Nov-2024 17:25:43 UTC] PHP Notice:  Function _load_textdomain_just_in_time was called <strong>incorrectly</strong>. Translation loading for the <code>the-events-calendar</code> domain was triggered too early. This is usually an indicator for some code in the plugin or theme running too early. Translations should be loaded at the <code>init</code> action or later. Please see <a href="https://developer.wordpress.org/advanced-administration/debug/debug-wordpress/">Debugging in WordPress</a> for more information. (This message was added in version 6.7.0.) in C:\xampp1\htdocs\INSOR\wp-includes\functions.php on line 6114
[29-Nov-2024 17:25:56 UTC] PHP Notice:  Function _load_textdomain_just_in_time was called <strong>incorrectly</strong>. Translation loading for the <code>the-events-calendar</code> domain was triggered too early. This is usually an indicator for some code in the plugin or theme running too early. Translations should be loaded at the <code>init</code> action or later. Please see <a href="https://developer.wordpress.org/advanced-administration/debug/debug-wordpress/">Debugging in WordPress</a> for more information. (This message was added in version 6.7.0.) in C:\xampp1\htdocs\INSOR\wp-includes\functions.php on line 6114
[29-Nov-2024 17:25:59 UTC] PHP Notice:  Function _load_textdomain_just_in_time was called <strong>incorrectly</strong>. Translation loading for the <code>the-events-calendar</code> domain was triggered too early. This is usually an indicator for some code in the plugin or theme running too early. Translations should be loaded at the <code>init</code> action or later. Please see <a href="https://developer.wordpress.org/advanced-administration/debug/debug-wordpress/">Debugging in WordPress</a> for more information. (This message was added in version 6.7.0.) in C:\xampp1\htdocs\INSOR\wp-includes\functions.php on line 6114
[29-Nov-2024 17:26:02 UTC] PHP Notice:  Function _load_textdomain_just_in_time was called <strong>incorrectly</strong>. Translation loading for the <code>the-events-calendar</code> domain was triggered too early. This is usually an indicator for some code in the plugin or theme running too early. Translations should be loaded at the <code>init</code> action or later. Please see <a href="https://developer.wordpress.org/advanced-administration/debug/debug-wordpress/">Debugging in WordPress</a> for more information. (This message was added in version 6.7.0.) in C:\xampp1\htdocs\INSOR\wp-includes\functions.php on line 6114
[29-Nov-2024 17:26:05 UTC] PHP Notice:  Function _load_textdomain_just_in_time was called <strong>incorrectly</strong>. Translation loading for the <code>the-events-calendar</code> domain was triggered too early. This is usually an indicator for some code in the plugin or theme running too early. Translations should be loaded at the <code>init</code> action or later. Please see <a href="https://developer.wordpress.org/advanced-administration/debug/debug-wordpress/">Debugging in WordPress</a> for more information. (This message was added in version 6.7.0.) in C:\xampp1\htdocs\INSOR\wp-includes\functions.php on line 6114
[29-Nov-2024 17:26:07 UTC] PHP Notice:  Function _load_textdomain_just_in_time was called <strong>incorrectly</strong>. Translation loading for the <code>the-events-calendar</code> domain was triggered too early. This is usually an indicator for some code in the plugin or theme running too early. Translations should be loaded at the <code>init</code> action or later. Please see <a href="https://developer.wordpress.org/advanced-administration/debug/debug-wordpress/">Debugging in WordPress</a> for more information. (This message was added in version 6.7.0.) in C:\xampp1\htdocs\INSOR\wp-includes\functions.php on line 6114
[29-Nov-2024 17:26:21 UTC] PHP Notice:  Function _load_textdomain_just_in_time was called <strong>incorrectly</strong>. Translation loading for the <code>the-events-calendar</code> domain was triggered too early. This is usually an indicator for some code in the plugin or theme running too early. Translations should be loaded at the <code>init</code> action or later. Please see <a href="https://developer.wordpress.org/advanced-administration/debug/debug-wordpress/">Debugging in WordPress</a> for more information. (This message was added in version 6.7.0.) in C:\xampp1\htdocs\INSOR\wp-includes\functions.php on line 6114
[29-Nov-2024 17:26:22 UTC] PHP Notice:  Function _load_textdomain_just_in_time was called <strong>incorrectly</strong>. Translation loading for the <code>the-events-calendar</code> domain was triggered too early. This is usually an indicator for some code in the plugin or theme running too early. Translations should be loaded at the <code>init</code> action or later. Please see <a href="https://developer.wordpress.org/advanced-administration/debug/debug-wordpress/">Debugging in WordPress</a> for more information. (This message was added in version 6.7.0.) in C:\xampp1\htdocs\INSOR\wp-includes\functions.php on line 6114
[29-Nov-2024 17:26:45 UTC] PHP Notice:  Function _load_textdomain_just_in_time was called <strong>incorrectly</strong>. Translation loading for the <code>the-events-calendar</code> domain was triggered too early. This is usually an indicator for some code in the plugin or theme running too early. Translations should be loaded at the <code>init</code> action or later. Please see <a href="https://developer.wordpress.org/advanced-administration/debug/debug-wordpress/">Debugging in WordPress</a> for more information. (This message was added in version 6.7.0.) in C:\xampp1\htdocs\INSOR\wp-includes\functions.php on line 6114
[29-Nov-2024 17:26:47 UTC] PHP Notice:  Function _load_textdomain_just_in_time was called <strong>incorrectly</strong>. Translation loading for the <code>the-events-calendar</code> domain was triggered too early. This is usually an indicator for some code in the plugin or theme running too early. Translations should be loaded at the <code>init</code> action or later. Please see <a href="https://developer.wordpress.org/advanced-administration/debug/debug-wordpress/">Debugging in WordPress</a> for more information. (This message was added in version 6.7.0.) in C:\xampp1\htdocs\INSOR\wp-includes\functions.php on line 6114
[29-Nov-2024 17:32:31 UTC] PHP Notice:  Function _load_textdomain_just_in_time was called <strong>incorrectly</strong>. Translation loading for the <code>the-events-calendar</code> domain was triggered too early. This is usually an indicator for some code in the plugin or theme running too early. Translations should be loaded at the <code>init</code> action or later. Please see <a href="https://developer.wordpress.org/advanced-administration/debug/debug-wordpress/">Debugging in WordPress</a> for more information. (This message was added in version 6.7.0.) in C:\xampp1\htdocs\INSOR\wp-includes\functions.php on line 6114
[29-Nov-2024 17:32:35 UTC] PHP Notice:  Function _load_textdomain_just_in_time was called <strong>incorrectly</strong>. Translation loading for the <code>the-events-calendar</code> domain was triggered too early. This is usually an indicator for some code in the plugin or theme running too early. Translations should be loaded at the <code>init</code> action or later. Please see <a href="https://developer.wordpress.org/advanced-administration/debug/debug-wordpress/">Debugging in WordPress</a> for more information. (This message was added in version 6.7.0.) in C:\xampp1\htdocs\INSOR\wp-includes\functions.php on line 6114
[29-Nov-2024 17:32:42 UTC] PHP Notice:  Function _load_textdomain_just_in_time was called <strong>incorrectly</strong>. Translation loading for the <code>the-events-calendar</code> domain was triggered too early. This is usually an indicator for some code in the plugin or theme running too early. Translations should be loaded at the <code>init</code> action or later. Please see <a href="https://developer.wordpress.org/advanced-administration/debug/debug-wordpress/">Debugging in WordPress</a> for more information. (This message was added in version 6.7.0.) in C:\xampp1\htdocs\INSOR\wp-includes\functions.php on line 6114
[29-Nov-2024 17:32:50 UTC] PHP Notice:  Function _load_textdomain_just_in_time was called <strong>incorrectly</strong>. Translation loading for the <code>the-events-calendar</code> domain was triggered too early. This is usually an indicator for some code in the plugin or theme running too early. Translations should be loaded at the <code>init</code> action or later. Please see <a href="https://developer.wordpress.org/advanced-administration/debug/debug-wordpress/">Debugging in WordPress</a> for more information. (This message was added in version 6.7.0.) in C:\xampp1\htdocs\INSOR\wp-includes\functions.php on line 6114
[29-Nov-2024 17:32:59 UTC] PHP Notice:  Function _load_textdomain_just_in_time was called <strong>incorrectly</strong>. Translation loading for the <code>the-events-calendar</code> domain was triggered too early. This is usually an indicator for some code in the plugin or theme running too early. Translations should be loaded at the <code>init</code> action or later. Please see <a href="https://developer.wordpress.org/advanced-administration/debug/debug-wordpress/">Debugging in WordPress</a> for more information. (This message was added in version 6.7.0.) in C:\xampp1\htdocs\INSOR\wp-includes\functions.php on line 6114
[29-Nov-2024 17:33:01 UTC] PHP Notice:  Function _load_textdomain_just_in_time was called <strong>incorrectly</strong>. Translation loading for the <code>the-events-calendar</code> domain was triggered too early. This is usually an indicator for some code in the plugin or theme running too early. Translations should be loaded at the <code>init</code> action or later. Please see <a href="https://developer.wordpress.org/advanced-administration/debug/debug-wordpress/">Debugging in WordPress</a> for more information. (This message was added in version 6.7.0.) in C:\xampp1\htdocs\INSOR\wp-includes\functions.php on line 6114
[29-Nov-2024 17:33:06 UTC] PHP Notice:  Function _load_textdomain_just_in_time was called <strong>incorrectly</strong>. Translation loading for the <code>the-events-calendar</code> domain was triggered too early. This is usually an indicator for some code in the plugin or theme running too early. Translations should be loaded at the <code>init</code> action or later. Please see <a href="https://developer.wordpress.org/advanced-administration/debug/debug-wordpress/">Debugging in WordPress</a> for more information. (This message was added in version 6.7.0.) in C:\xampp1\htdocs\INSOR\wp-includes\functions.php on line 6114
[29-Nov-2024 17:33:08 UTC] PHP Notice:  Function _load_textdomain_just_in_time was called <strong>incorrectly</strong>. Translation loading for the <code>the-events-calendar</code> domain was triggered too early. This is usually an indicator for some code in the plugin or theme running too early. Translations should be loaded at the <code>init</code> action or later. Please see <a href="https://developer.wordpress.org/advanced-administration/debug/debug-wordpress/">Debugging in WordPress</a> for more information. (This message was added in version 6.7.0.) in C:\xampp1\htdocs\INSOR\wp-includes\functions.php on line 6114
[29-Nov-2024 17:33:10 UTC] PHP Notice:  Function _load_textdomain_just_in_time was called <strong>incorrectly</strong>. Translation loading for the <code>the-events-calendar</code> domain was triggered too early. This is usually an indicator for some code in the plugin or theme running too early. Translations should be loaded at the <code>init</code> action or later. Please see <a href="https://developer.wordpress.org/advanced-administration/debug/debug-wordpress/">Debugging in WordPress</a> for more information. (This message was added in version 6.7.0.) in C:\xampp1\htdocs\INSOR\wp-includes\functions.php on line 6114
[29-Nov-2024 17:33:16 UTC] PHP Notice:  Function _load_textdomain_just_in_time was called <strong>incorrectly</strong>. Translation loading for the <code>the-events-calendar</code> domain was triggered too early. This is usually an indicator for some code in the plugin or theme running too early. Translations should be loaded at the <code>init</code> action or later. Please see <a href="https://developer.wordpress.org/advanced-administration/debug/debug-wordpress/">Debugging in WordPress</a> for more information. (This message was added in version 6.7.0.) in C:\xampp1\htdocs\INSOR\wp-includes\functions.php on line 6114
